bill_id,vendor_id,project_id,job_id,vendor_invoice_number,status,received_date,due_date,total,paid_date,payment_method,check_number,category
BILL-B7EBAB84,VEN-002,PROJ-30C2FC8F,JOB-5349D80A,SI-23906,paid,2024-02-19,2024-03-20,586.24,2024-03-19,check,,material
BILL-54BF2085,VEN-001,PROJ-30C2FC8F,JOB-5349D80A,SI-93527,paid,2024-02-17,2024-03-18,341.0,2024-03-23,check,,material
BILL-FFF188A9,VEN-001,PROJ-0B34E038,JOB-85651125,SI-94623,paid,2024-02-21,2024-03-22,1352.61,2024-03-13,check,7631,material
BILL-D828CB44,VEN-008,PROJ-0B34E038,JOB-85651125,SI-15224,paid,2024-02-21,2024-03-22,4030.54,2024-03-11,ach,9234,material
BILL-40E17D26,VEN-008,PROJ-0B34E038,JOB-C0C11B60,SI-44374,paid,2024-03-01,2024-03-31,9924.73,2024-04-07,ach,3035,material
BILL-F4FF9538,VEN-002,PROJ-0B34E038,JOB-5545F1A9,SI-57213,paid,2024-03-18,2024-04-17,1862.42,2024-04-11,check,,material
BILL-15C48928,VEN-001,PROJ-0B34E038,JOB-5545F1A9,SI-37557,paid,2024-03-15,2024-04-14,1996.1,2024-04-14,check,7312,material
BILL-D83833B9,VEN-008,PROJ-0B34E038,JOB-9E273CCF,SI-70057,paid,2024-03-22,2024-04-21,1561.4,2024-04-22,check,1682,material
BILL-452FBC0E,VEN-002,PROJ-0B34E038,JOB-9E273CCF,SI-68678,paid,2024-03-24,2024-04-23,2542.31,2024-04-20,ach,1605,material
BILL-FF665F5A,VEN-002,PROJ-0B34E038,JOB-3A213EEB,SI-43363,paid,2024-03-29,2024-04-28,475.55,2024-05-03,check,6351,material
BILL-E28AF6C6,VEN-001,PROJ-0B34E038,JOB-3A213EEB,SI-54876,paid,2024-03-28,2024-04-27,576.54,2024-04-22,ach,,material
BILL-2EEF63C8,VEN-003,PROJ-0B34E038,JOB-3A213EEB,VEN-003-296,paid,2024-03-27,2024-04-11,3682.3,2024-04-21,check,4379,subcontractor
BILL-A520CDB9,VEN-002,PROJ-0B34E038,JOB-91079EC4,SI-47966,paid,2024-04-01,2024-05-01,1176.72,2024-04-17,ach,,material
BILL-1BF7B74F,VEN-008,PROJ-0B34E038,JOB-91079EC4,SI-87327,paid,2024-03-31,2024-04-30,142.26,2024-05-01,ach,4325,material
BILL-0BC43BCE,VEN-002,PROJ-0B34E038,JOB-91079EC4,SI-28495,paid,2024-03-31,2024-04-30,185.81,2024-05-07,check,2703,material
BILL-43E0D165,VEN-001,PROJ-0B34E038,JOB-91079EC4,SI-81897,paid,2024-04-02,2024-05-02,102.76,2024-04-27,ach,1921,material
BILL-916BF7A5,VEN-004,PROJ-0B34E038,JOB-91079EC4,VEN-004-278,paid,2024-03-31,2024-04-15,4286.8,2024-04-19,check,2445,subcontractor
BILL-D240B1DD,VEN-005,PROJ-0B34E038,JOB-88053CC0,VEN-005-489,paid,2024-04-05,2024-04-20,4839.04,2024-04-17,check,4979,subcontractor
BILL-C15E9531,VEN-001,PROJ-0B34E038,JOB-9A84E172,SI-66716,paid,2024-04-09,2024-05-09,891.82,2024-05-07,check,6046,material
BILL-768357B4,VEN-002,PROJ-0B34E038,JOB-9A84E172,SI-42733,paid,2024-04-10,2024-05-10,659.61,2024-05-13,check,8029,material
BILL-F8569602,VEN-001,PROJ-0B34E038,JOB-49E979A2,SI-20907,paid,2024-04-13,2024-05-13,666.72,2024-05-20,ach,2444,material
BILL-0B2B460D,VEN-008,PROJ-0B34E038,JOB-49E979A2,SI-31070,paid,2024-04-13,2024-05-13,1822.39,2024-05-13,ach,,material
BILL-5CBF1EC7,VEN-002,PROJ-0B34E038,JOB-BF557810,SI-98267,paid,2024-04-18,2024-05-18,356.75,2024-05-24,check,7530,material
BILL-C93DD81C,VEN-002,PROJ-0B34E038,JOB-BF557810,SI-32445,paid,2024-04-17,2024-05-17,675.44,2024-05-23,ach,,material
BILL-AD7FA653,VEN-001,PROJ-0B34E038,JOB-BF557810,SI-35361,paid,2024-04-18,2024-05-18,104.9,2024-05-16,check,5054,material
BILL-50D5E87D,VEN-001,PROJ-0B34E038,JOB-3FF1C062,SI-63683,paid,2024-04-20,2024-05-20,2540.32,2024-05-20,check,1283,material
BILL-5F70C2FC,VEN-008,PROJ-0B34E038,JOB-EE9D38E9,SI-96845,paid,2024-04-26,2024-05-26,2556.25,2024-05-15,ach,,material
BILL-86B0D973,VEN-008,PROJ-0B34E038,JOB-EE9D38E9,SI-60876,paid,2024-04-26,2024-05-26,1205.24,2024-06-04,check,8763,material
BILL-BE3E619E,VEN-008,PROJ-B719F4A7,JOB-36C16ACF,SI-61708,paid,2024-04-28,2024-05-28,781.42,2024-05-13,check,7229,material
BILL-B63E0583,VEN-001,PROJ-B719F4A7,JOB-36C16ACF,SI-51294,paid,2024-04-29,2024-05-29,26.12,2024-05-23,ach,1559,material
BILL-92CB1732,VEN-003,PROJ-B719F4A7,JOB-36C16ACF,VEN-003-736,paid,2024-04-27,2024-05-12,1453.58,2024-05-09,check,6329,subcontractor
BILL-EF953E0B,VEN-003,PROJ-B719F4A7,JOB-36C16ACF,VEN-003-740,paid,2024-04-29,2024-05-14,1453.58,2024-05-15,check,6580,subcontractor
BILL-34F04603,VEN-001,PROJ-B719F4A7,JOB-5A6AB906,SI-17709,paid,2024-05-03,2024-06-02,303.16,2024-06-08,check,9347,material
BILL-F47CEAC9,VEN-004,PROJ-B719F4A7,JOB-5A6AB906,VEN-004-538,paid,2024-05-02,2024-05-17,1212.66,2024-05-12,check,2220,subcontractor
BILL-CFD08A19,VEN-001,PROJ-B719F4A7,JOB-97F4653A,SI-14582,paid,2024-05-04,2024-06-03,743.52,2024-05-30,ach,,material
BILL-E5EC6090,VEN-001,PROJ-B719F4A7,JOB-62FE6B1A,SI-86553,paid,2024-05-08,2024-06-07,994.89,2024-06-08,ach,3222,material
BILL-9315E26C,VEN-008,PROJ-B719F4A7,JOB-62FE6B1A,SI-56557,paid,2024-05-07,2024-06-06,692.4,2024-06-07,check,4696,material
BILL-6EE97AC7,VEN-006,PROJ-B719F4A7,JOB-62FE6B1A,VEN-006-291,paid,2024-05-06,2024-05-21,2109.11,2024-05-28,check,4703,subcontractor
BILL-7204923D,VEN-006,PROJ-B719F4A7,JOB-62FE6B1A,VEN-006-168,paid,2024-05-09,2024-05-24,2109.11,2024-05-31,check,1530,subcontractor
BILL-977F5ADB,VEN-001,PROJ-B719F4A7,JOB-41A8643C,SI-58698,paid,2024-05-13,2024-06-12,1599.83,2024-06-02,check,,material
BILL-90C282D8,VEN-008,PROJ-B719F4A7,JOB-41A8643C,SI-26421,paid,2024-05-14,2024-06-13,574.21,2024-06-23,ach,,material
BILL-AF5CAA82,VEN-001,PROJ-B719F4A7,JOB-41A8643C,SI-27603,paid,2024-05-12,2024-06-11,136.66,2024-06-07,ach,7826,material
BILL-861C21AE,VEN-001,PROJ-B719F4A7,JOB-6372005A,SI-29574,paid,2024-05-17,2024-06-16,428.98,2024-06-26,check,5156,material
BILL-275A5146,VEN-002,PROJ-548ABFA2,JOB-0EC90060,SI-97089,paid,2024-04-19,2024-05-19,516.52,2024-05-06,check,,material
BILL-AAA742E2,VEN-002,PROJ-548ABFA2,JOB-0EC90060,SI-69714,paid,2024-04-19,2024-05-19,552.58,2024-05-17,ach,1083,material
BILL-654D5305,VEN-001,PROJ-548ABFA2,JOB-0EC90060,SI-87413,paid,2024-04-19,2024-05-19,168.9,2024-05-19,ach,3216,material
BILL-76B6C186,VEN-003,PROJ-548ABFA2,JOB-0EC90060,VEN-003-360,paid,2024-04-17,2024-05-02,2228.39,2024-05-09,check,9070,subcontractor
BILL-0E2724E7,VEN-003,PROJ-548ABFA2,JOB-0EC90060,VEN-003-856,paid,2024-04-21,2024-05-06,2228.39,2024-05-06,check,9496,subcontractor
BILL-B531C7CA,VEN-008,PROJ-548ABFA2,JOB-FA4CCD21,SI-33662,paid,2024-04-27,2024-05-27,495.32,2024-05-20,ach,9037,material
BILL-67B15DB3,VEN-001,PROJ-548ABFA2,JOB-FA4CCD21,SI-19894,paid,2024-04-28,2024-05-28,158.27,2024-06-03,check,7835,material
BILL-9983E9AD,VEN-004,PROJ-548ABFA2,JOB-FA4CCD21,VEN-004-102,paid,2024-04-26,2024-05-11,2614.33,2024-05-15,check,3725,subcontractor
BILL-A86AD984,VEN-001,PROJ-548ABFA2,JOB-F351835C,SI-47635,paid,2024-04-30,2024-05-30,1243.97,2024-06-08,check,3067,material
BILL-E2FF2C61,VEN-008,PROJ-548ABFA2,JOB-1976FFF2,SI-74622,paid,2024-05-08,2024-06-07,2285.58,2024-06-14,check,1488,material
BILL-D3D9EE3D,VEN-006,PROJ-548ABFA2,JOB-1976FFF2,VEN-006-287,paid,2024-05-04,2024-05-19,5713.96,2024-05-21,check,1168,subcontractor
BILL-A1C9E953,VEN-002,PROJ-548ABFA2,JOB-2F5E40F0,SI-90990,paid,2024-05-18,2024-06-17,593.72,2024-06-05,ach,7486,material
BILL-7471CCD7,VEN-001,PROJ-548ABFA2,JOB-2F5E40F0,SI-33378,paid,2024-05-15,2024-06-14,2248.93,2024-06-01,ach,6521,material
BILL-9251EC25,VEN-002,PROJ-548ABFA2,JOB-2846BD2C,SI-82675,paid,2024-05-22,2024-06-21,516.1,2024-06-19,ach,8397,material
BILL-C667FFC8,VEN-008,PROJ-2BD4EB76,JOB-E08B1E66,SI-56484,paid,2024-04-18,2024-05-18,339.49,2024-05-12,ach,7505,material
BILL-4CF6B146,VEN-008,PROJ-2BD4EB76,JOB-E08B1E66,SI-51872,paid,2024-04-17,2024-05-17,368.11,2024-05-09,check,9203,material
BILL-DE780FFF,VEN-008,PROJ-B7191EAB,JOB-CB0E68C5,SI-68881,paid,2024-05-15,2024-06-14,327.15,2024-06-08,ach,,material
BILL-802785CF,VEN-002,PROJ-B7191EAB,JOB-CB0E68C5,SI-71594,paid,2024-05-15,2024-06-14,422.49,2024-06-02,check,5763,material
BILL-0A7736C3,VEN-001,PROJ-8BF7C356,JOB-D091D386,SI-39492,paid,2024-06-17,2024-07-17,547.0,2024-07-03,ach,8309,material
BILL-8C41F6F2,VEN-001,PROJ-8BF7C356,JOB-D091D386,SI-80697,paid,2024-06-17,2024-07-17,82.9,2024-07-16,check,,material
BILL-F5646689,VEN-001,PROJ-0A179D7B,JOB-7311C2EE,SI-67461,paid,2024-06-25,2024-07-25,2150.44,2024-07-31,check,7489,material
BILL-7E10F38E,VEN-001,PROJ-0A179D7B,JOB-7311C2EE,SI-61302,paid,2024-06-24,2024-07-24,349.27,2024-07-09,ach,,material
BILL-8031E90E,VEN-001,PROJ-0A179D7B,JOB-7311C2EE,SI-32463,paid,2024-06-28,2024-07-28,5179.97,2024-07-24,check,4244,material
BILL-7C4C5F12,VEN-008,PROJ-0A179D7B,JOB-D5874033,SI-56532,paid,2024-07-12,2024-08-11,19500.09,2024-08-01,ach,6111,material
BILL-A10D8091,VEN-002,PROJ-0A179D7B,JOB-D5874033,SI-33894,paid,2024-07-09,2024-08-08,1757.39,2024-08-02,ach,,material
BILL-409A774C,VEN-002,PROJ-0A179D7B,JOB-D5874033,SI-36473,paid,2024-07-12,2024-08-11,9979.72,2024-08-15,ach,,material
BILL-C2A73068,VEN-001,PROJ-0A179D7B,JOB-D5874033,SI-15324,paid,2024-07-07,2024-08-06,2396.99,2024-07-23,check,2048,material
BILL-436EBB38,VEN-002,PROJ-0A179D7B,JOB-323C92EC,SI-31963,paid,2024-07-30,2024-08-29,68704.36,2024-08-31,ach,,material
BILL-5D0DF823,VEN-008,PROJ-0A179D7B,JOB-971F23AD,SI-96602,paid,2024-08-25,2024-09-24,15031.51,2024-09-23,check,4278,material
BILL-8FAD5FAA,VEN-001,PROJ-0A179D7B,JOB-971F23AD,SI-16967,paid,2024-08-27,2024-09-26,8542.16,2024-09-17,ach,2951,material
BILL-BB6672D8,VEN-002,PROJ-0A179D7B,JOB-09087C50,SI-61772,paid,2024-09-06,2024-10-06,2171.67,2024-10-11,ach,8907,material
BILL-A0707429,VEN-008,PROJ-0A179D7B,JOB-09087C50,SI-89314,paid,2024-09-08,2024-10-08,29290.56,2024-10-16,ach,,material
BILL-4445FD85,VEN-001,PROJ-0A179D7B,JOB-97BFA197,SI-46631,paid,2024-09-24,2024-10-24,8066.69,2024-11-01,check,,material
BILL-5BDF4AA6,VEN-003,PROJ-0A179D7B,JOB-97BFA197,VEN-003-210,paid,2024-09-19,2024-10-04,28233.42,2024-10-07,check,2307,subcontractor
BILL-64275B03,VEN-002,PROJ-0A179D7B,JOB-3C4B3AC2,SI-14377,paid,2024-10-02,2024-11-01,10458.65,2024-10-23,ach,4386,material
BILL-8413991C,VEN-004,PROJ-0A179D7B,JOB-3C4B3AC2,VEN-004-587,paid,2024-09-30,2024-10-15,12201.75,2024-10-10,check,1127,subcontractor
BILL-42EE8B02,VEN-004,PROJ-0A179D7B,JOB-3C4B3AC2,VEN-004-644,paid,2024-10-06,2024-10-21,12201.75,2024-10-18,check,1512,subcontractor
BILL-B19B81DF,VEN-005,PROJ-0A179D7B,JOB-AD062504,VEN-005-189,paid,2024-10-13,2024-10-28,28072.11,2024-11-06,check,2851,subcontractor
BILL-80C14651,VEN-002,PROJ-0A179D7B,JOB-A62ADF37,SI-28722,paid,2024-10-24,2024-11-23,5545.62,2024-11-30,ach,9007,material
BILL-0EEE52C2,VEN-008,PROJ-0A179D7B,JOB-A62ADF37,SI-90092,paid,2024-10-23,2024-11-22,7050.52,2024-11-15,check,,material
BILL-2D607324,VEN-001,PROJ-0A179D7B,JOB-9DAE6C0D,SI-72476,paid,2024-11-03,2024-12-03,28743.99,2024-12-05,ach,7423,material
BILL-49791BD5,VEN-002,PROJ-0A179D7B,JOB-8A79808B,SI-40674,paid,2024-11-12,2024-12-12,888.87,2024-12-21,ach,6813,material
BILL-09B37E3C,VEN-001,PROJ-0A179D7B,JOB-8A79808B,SI-72945,paid,2024-11-11,2024-12-11,1692.61,2024-11-28,check,4483,material
BILL-81852225,VEN-001,PROJ-0A179D7B,JOB-8A79808B,SI-25965,paid,2024-11-10,2024-12-10,7944.88,2024-12-06,ach,,material
BILL-0BEC3199,VEN-008,PROJ-0A179D7B,JOB-040A26A4,SI-90975,paid,2024-11-21,2024-12-21,1226.76,2024-12-09,check,,material
BILL-3F2DE69B,VEN-001,PROJ-0A179D7B,JOB-040A26A4,SI-88477,paid,2024-11-22,2024-12-22,3975.75,2024-12-14,check,4345,material
BILL-14B1B2A5,VEN-008,PROJ-0A179D7B,JOB-040A26A4,SI-50035,paid,2024-11-20,2024-12-20,4586.63,2024-12-24,check,,material
BILL-3C78E9C3,VEN-008,PROJ-0A179D7B,JOB-2294F375,SI-24358,paid,2024-11-26,2024-12-26,1500.04,2024-12-29,ach,2752,material
BILL-E9184FE9,VEN-002,PROJ-0A179D7B,JOB-2294F375,SI-79656,paid,2024-11-29,2024-12-29,9114.37,2024-12-26,check,,material
BILL-92FAE9CF,VEN-008,PROJ-0A179D7B,JOB-2294F375,SI-87615,paid,2024-11-30,2024-12-30,9578.18,2024-12-28,check,,material
BILL-0D364E81,VEN-009,PROJ-0A179D7B,JOB-0F277CE8,VEN-009-109,paid,2024-12-06,2024-12-21,9075.59,2024-12-25,check,6152,subcontractor
BILL-FCAB938B,VEN-009,PROJ-0A179D7B,JOB-0F277CE8,VEN-009-456,paid,2024-12-08,2024-12-23,9075.59,2024-12-27,check,5395,subcontractor
BILL-E45A783C,VEN-001,PROJ-0A179D7B,JOB-CEAE0D11,SI-45177,paid,2024-12-16,2025-01-15,4767.95,2025-01-25,check,9213,material
BILL-5E190012,VEN-002,PROJ-0A179D7B,JOB-CEAE0D11,SI-72301,paid,2024-12-16,2025-01-15,17742.6,2025-01-07,check,6653,material
BILL-DCFCFF08,VEN-001,PROJ-0A179D7B,JOB-CEAE0D11,SI-92121,paid,2024-12-16,2025-01-15,1359.25,2025-01-23,ach,,material
BILL-F1953006,VEN-008,PROJ-0A179D7B,JOB-DC36861A,SI-86573,paid,2024-12-25,2025-01-24,3605.15,2025-01-15,ach,,material
BILL-20CA3354,VEN-001,PROJ-0A179D7B,JOB-DC36861A,SI-82008,paid,2024-12-23,2025-01-22,1754.76,2025-01-21,check,,material
BILL-8FA14B1F,VEN-002,PROJ-0A179D7B,JOB-DC36861A,SI-89503,paid,2024-12-25,2025-01-24,188.94,2025-01-30,ach,,material
BILL-B2953F22,VEN-002,PROJ-0A179D7B,JOB-DC36861A,SI-86091,paid,2024-12-25,2025-01-24,5599.72,2025-02-01,ach,4101,material
BILL-7906B8EF,VEN-008,PROJ-0A179D7B,JOB-B23C196D,SI-38024,paid,2025-01-01,2025-01-31,21951.71,2025-02-01,check,8329,material
BILL-56F15D12,VEN-001,PROJ-0A179D7B,JOB-8A3D52C7,SI-57886,paid,2025-01-12,2025-02-11,1399.45,2025-02-20,ach,,material
BILL-19335582,VEN-001,PROJ-0A179D7B,JOB-8A3D52C7,SI-50009,paid,2025-01-12,2025-02-11,2177.47,2025-02-01,ach,9087,material
BILL-FA871309,VEN-008,PROJ-0A179D7B,JOB-8A3D52C7,SI-95828,paid,2025-01-10,2025-02-09,4262.45,2025-02-18,ach,6828,material
BILL-F32FF8FD,VEN-001,PROJ-0A179D7B,JOB-8A3D52C7,SI-55524,paid,2025-01-09,2025-02-08,58.68,2025-01-27,check,9443,material
BILL-89FB8CE4,VEN-001,PROJ-A0479F56,JOB-3C88685E,SI-95179,paid,2024-08-09,2024-09-08,992.48,2024-09-09,ach,,material
BILL-1853F1B1,VEN-001,PROJ-A0479F56,JOB-3C88685E,SI-87878,paid,2024-08-08,2024-09-07,3129.93,2024-09-06,ach,9111,material
BILL-3AA82FB4,VEN-003,PROJ-A0479F56,JOB-3C88685E,VEN-003-186,paid,2024-08-08,2024-08-23,6183.61,2024-08-23,check,8939,subcontractor
BILL-BAE9BB46,VEN-003,PROJ-A0479F56,JOB-3C88685E,VEN-003-363,paid,2024-08-11,2024-08-26,6183.61,2024-09-05,check,4716,subcontractor
BILL-F1824A57,VEN-002,PROJ-A0479F56,JOB-DD615D3A,SI-67518,paid,2024-08-16,2024-09-15,582.44,2024-09-02,ach,2381,material
BILL-B4B130EC,VEN-008,PROJ-A0479F56,JOB-DD615D3A,SI-49001,paid,2024-08-15,2024-09-14,1208.47,2024-09-13,check,,material
BILL-26F0BBA8,VEN-008,PROJ-A0479F56,JOB-DD615D3A,SI-42691,paid,2024-08-15,2024-09-14,1342.1,2024-08-31,check,8623,material
BILL-CD619577,VEN-004,PROJ-A0479F56,JOB-DD615D3A,VEN-004-153,paid,2024-08-15,2024-08-30,5221.68,2024-09-06,check,8931,subcontractor
BILL-5EDCE7FE,VEN-004,PROJ-A0479F56,JOB-DD615D3A,VEN-004-593,paid,2024-08-17,2024-09-01,5221.68,2024-09-01,check,3630,subcontractor
BILL-49FC8F3F,VEN-001,PROJ-A0479F56,JOB-DA9057E5,SI-74595,paid,2024-08-21,2024-09-20,539.53,2024-09-10,ach,,material
BILL-4ED0475D,VEN-001,PROJ-A0479F56,JOB-DA9057E5,SI-11890,paid,2024-08-21,2024-09-20,1639.56,2024-09-29,ach,8812,material
BILL-BB461A9A,VEN-002,PROJ-A0479F56,JOB-4DE0C7AA,SI-14077,paid,2024-08-24,2024-09-23,1053.78,2024-09-19,ach,,material
BILL-B37EF0B9,VEN-002,PROJ-A0479F56,JOB-4DE0C7AA,SI-45689,paid,2024-08-24,2024-09-23,1805.86,2024-09-18,check,4365,material
BILL-9787FA01,VEN-008,PROJ-A0479F56,JOB-4DE0C7AA,SI-68439,paid,2024-08-24,2024-09-23,518.27,2024-09-19,check,,material
BILL-6FDF53DE,VEN-001,PROJ-A0479F56,JOB-4DE0C7AA,SI-95428,paid,2024-08-23,2024-09-22,778.48,2024-09-19,check,8454,material
BILL-6C3BEA14,VEN-008,PROJ-A0479F56,JOB-D9E15C82,SI-92414,paid,2024-08-29,2024-09-28,12128.66,2024-09-24,check,4900,material
BILL-D843C0E5,VEN-008,PROJ-A0479F56,JOB-D9E15C82,SI-60061,paid,2024-08-28,2024-09-27,718.96,2024-09-15,ach,3886,material
BILL-C1C4A8C3,VEN-008,PROJ-A0479F56,JOB-D9E15C82,SI-24871,paid,2024-09-01,2024-10-01,2353.37,2024-09-16,check,9311,material
BILL-0AFF7A7B,VEN-009,PROJ-A0479F56,JOB-7E1455A4,VEN-009-639,paid,2024-09-06,2024-09-21,5165.67,2024-10-01,check,1543,subcontractor
BILL-BAB003F2,VEN-009,PROJ-A0479F56,JOB-7E1455A4,VEN-009-811,paid,2024-09-08,2024-09-23,5165.67,2024-09-21,check,8039,subcontractor
BILL-60081E3C,VEN-002,PROJ-A0479F56,JOB-7B08A3A3,SI-94038,paid,2024-09-13,2024-10-13,1762.47,2024-10-20,check,2961,material
BILL-A01503F4,VEN-002,PROJ-A0479F56,JOB-7B08A3A3,SI-22782,paid,2024-09-12,2024-10-12,1223.06,2024-10-19,check,8233,material
BILL-F247C00A,VEN-006,PROJ-A0479F56,JOB-7B08A3A3,VEN-006-455,paid,2024-09-11,2024-09-26,7961.4,2024-09-25,check,2334,subcontractor
BILL-5B29B8C9,VEN-008,PROJ-A0479F56,JOB-234CC586,SI-51343,paid,2024-09-17,2024-10-17,352.82,2024-10-24,ach,,material
BILL-3F185DBB,VEN-001,PROJ-A0479F56,JOB-234CC586,SI-46419,paid,2024-09-16,2024-10-16,284.1,2024-10-15,check,,material
BILL-550CE6F4,VEN-001,PROJ-A0479F56,JOB-234CC586,SI-67540,paid,2024-09-16,2024-10-16,636.2,2024-10-15,check,5947,material
BILL-53D535F5,VEN-002,PROJ-A0479F56,JOB-234CC586,SI-15499,paid,2024-09-16,2024-10-16,598.53,2024-10-19,ach,7235,material
BILL-FEB5EAE4,VEN-002,PROJ-A0479F56,JOB-547CC192,SI-66271,paid,2024-09-19,2024-10-19,512.62,2024-10-04,ach,4351,material
BILL-50CFD04B,VEN-002,PROJ-A0479F56,JOB-547CC192,SI-18996,paid,2024-09-21,2024-10-21,1878.26,2024-10-28,ach,4531,material
BILL-5B94285B,VEN-008,PROJ-A0479F56,JOB-54487851,SI-78452,paid,2024-09-25,2024-10-25,11289.96,2024-10-27,ach,6785,material
BILL-6228462D,VEN-008,PROJ-B781EA5C,JOB-9E1A45E0,SI-43877,paid,2024-08-06,2024-09-05,2235.99,2024-09-08,ach,9915,material
BILL-BABDD474,VEN-001,PROJ-B781EA5C,JOB-9E1A45E0,SI-35534,paid,2024-08-05,2024-09-04,135.91,2024-09-04,check,,material
BILL-A82D1262,VEN-001,PROJ-B781EA5C,JOB-9E1A45E0,SI-47043,paid,2024-08-06,2024-09-05,612.99,2024-09-03,ach,,material
BILL-D979CDA3,VEN-008,PROJ-B781EA5C,JOB-9E1A45E0,SI-13665,paid,2024-08-06,2024-09-05,680.91,2024-09-13,ach,2807,material
BILL-3FA6C6F2,VEN-003,PROJ-B781EA5C,JOB-9E1A45E0,VEN-003-705,paid,2024-08-05,2024-08-20,5498.7,2024-08-21,check,4254,subcontractor
BILL-32FADFA0,VEN-003,PROJ-B781EA5C,JOB-9E1A45E0,VEN-003-435,paid,2024-08-07,2024-08-22,5498.7,2024-08-25,check,3661,subcontractor
BILL-833750EF,VEN-008,PROJ-B781EA5C,JOB-0AC5C348,SI-30895,paid,2024-08-11,2024-09-10,2943.41,2024-09-07,check,,material
BILL-D5625500,VEN-004,PROJ-B781EA5C,JOB-0AC5C348,VEN-004-566,paid,2024-08-10,2024-08-25,9811.39,2024-08-29,check,9519,subcontractor
BILL-6A930F41,VEN-002,PROJ-B781EA5C,JOB-8E692462,SI-64559,paid,2024-08-14,2024-09-13,806.84,2024-09-17,check,,material
BILL-6CCA5A3A,VEN-002,PROJ-B781EA5C,JOB-8E692462,SI-46215,paid,2024-08-15,2024-09-14,224.1,2024-08-30,check,5307,material
BILL-E314194C,VEN-001,PROJ-B781EA5C,JOB-8E692462,SI-61261,paid,2024-08-14,2024-09-13,366.21,2024-09-09,check,4776,material
BILL-F9EC748B,VEN-002,PROJ-B781EA5C,JOB-8E692462,SI-81463,paid,2024-08-14,2024-09-13,66.65,2024-09-07,check,,material
BILL-E67B58AD,VEN-001,PROJ-B781EA5C,JOB-19F86F16,SI-69257,paid,2024-08-18,2024-09-17,2153.94,2024-09-14,ach,,material
BILL-996F9695,VEN-001,PROJ-B781EA5C,JOB-19F86F16,SI-29350,paid,2024-08-17,2024-09-16,234.64,2024-09-07,ach,5009,material
BILL-53359784,VEN-008,PROJ-B781EA5C,JOB-19F86F16,SI-22153,paid,2024-08-16,2024-09-15,993.53,2024-09-02,ach,3252,material
BILL-025AF2BE,VEN-002,PROJ-B781EA5C,JOB-19F86F16,SI-60486,paid,2024-08-17,2024-09-16,132.73,2024-09-24,check,6793,material
BILL-76D7D366,VEN-001,PROJ-B781EA5C,JOB-BEF75890,SI-89839,paid,2024-08-24,2024-09-23,8892.85,2024-09-21,check,2433,material
BILL-282D3ABE,VEN-001,PROJ-B781EA5C,JOB-BEF75890,SI-21965,paid,2024-08-21,2024-09-20,4253.61,2024-09-06,ach,7143,material
BILL-C027F2CE,VEN-008,PROJ-B781EA5C,JOB-BEF75890,SI-55681,paid,2024-08-23,2024-09-22,2141.65,2024-09-20,check,3203,material
BILL-4BA356FA,VEN-001,PROJ-B781EA5C,JOB-BEF75890,SI-91846,paid,2024-08-20,2024-09-19,1104.95,2024-09-19,check,,material
BILL-0E6195C1,VEN-009,PROJ-B781EA5C,JOB-C5D2CB56,VEN-009-418,paid,2024-08-28,2024-09-12,5627.05,2024-09-17,check,6021,subcontractor
BILL-E1A02E6D,VEN-009,PROJ-B781EA5C,JOB-C5D2CB56,VEN-009-537,paid,2024-08-30,2024-09-14,5627.05,2024-09-21,check,3824,subcontractor
BILL-9D426C66,VEN-002,PROJ-B781EA5C,JOB-DA1D139E,SI-25184,paid,2024-09-01,2024-10-01,495.25,2024-09-16,ach,6717,material
BILL-B644D12A,VEN-002,PROJ-B781EA5C,JOB-DA1D139E,SI-39547,paid,2024-09-02,2024-10-02,2194.16,2024-10-01,ach,2145,material
BILL-53A8E111,VEN-006,PROJ-B781EA5C,JOB-DA1D139E,VEN-006-664,paid,2024-09-01,2024-09-16,3585.89,2024-09-14,check,5009,subcontractor
BILL-9B71FC66,VEN-006,PROJ-B781EA5C,JOB-DA1D139E,VEN-006-159,paid,2024-09-03,2024-09-18,3585.89,2024-09-19,check,1041,subcontractor
BILL-24602CCB,VEN-001,PROJ-B781EA5C,JOB-EF2EB86B,SI-85473,paid,2024-09-06,2024-10-06,866.51,2024-10-03,check,,material
BILL-455E200E,VEN-001,PROJ-B781EA5C,JOB-EF2EB86B,SI-22194,paid,2024-09-05,2024-10-05,855.71,2024-09-22,check,4136,material
BILL-F9EBA867,VEN-001,PROJ-B781EA5C,JOB-EF2EB86B,SI-23528,paid,2024-09-05,2024-10-05,135.27,2024-09-20,check,1986,material
BILL-7605B9E3,VEN-008,PROJ-B781EA5C,JOB-D027EB2E,SI-74713,paid,2024-09-07,2024-10-07,340.72,2024-09-27,check,9482,material
BILL-7EC3ACCA,VEN-008,PROJ-B781EA5C,JOB-D027EB2E,SI-16951,paid,2024-09-07,2024-10-07,2056.67,2024-10-12,check,8810,material
BILL-74C7A9DE,VEN-008,PROJ-B781EA5C,JOB-D027EB2E,SI-57195,paid,2024-09-08,2024-10-08,186.92,2024-10-06,check,2982,material
BILL-2B8B8449,VEN-008,PROJ-B781EA5C,JOB-2FF48633,SI-54527,paid,2024-09-10,2024-10-10,521.86,2024-09-29,check,,material
BILL-08EE669A,VEN-002,PROJ-B781EA5C,JOB-2FF48633,SI-79242,paid,2024-09-10,2024-10-10,3026.91,2024-10-10,check,2912,material
BILL-0CF7B2C0,VEN-008,PROJ-B781EA5C,JOB-2FF48633,SI-96333,paid,2024-09-10,2024-10-10,3653.53,2024-09-28,check,3206,material
BILL-4D6C480C,VEN-002,PROJ-B781EA5C,JOB-2FF48633,SI-12290,paid,2024-09-10,2024-10-10,2025.7,2024-10-05,check,4270,material
BILL-BD3674FD,VEN-008,PROJ-921F52BF,JOB-B7BE40C1,SI-97099,paid,2024-08-30,2024-09-29,243.04,2024-09-19,check,7304,material
BILL-3B25066D,VEN-008,PROJ-921F52BF,JOB-B7BE40C1,SI-16551,paid,2024-08-30,2024-09-29,125.23,2024-10-05,ach,7404,material
BILL-722FFD3C,VEN-002,PROJ-921F52BF,JOB-B7BE40C1,SI-22552,paid,2024-08-31,2024-09-30,107.42,2024-09-25,ach,4414,material
BILL-897F4EBA,VEN-002,PROJ-921F52BF,JOB-B7BE40C1,SI-83642,paid,2024-08-30,2024-09-29,38.91,2024-09-14,ach,,material
BILL-BC558BB8,VEN-008,PROJ-21938DC6,JOB-A2A08A34,SI-59241,paid,2024-09-21,2024-10-21,2391.0,2024-10-12,check,5364,material
BILL-49819538,VEN-003,PROJ-21938DC6,JOB-A2A08A34,VEN-003-979,paid,2024-09-21,2024-10-06,3586.5,2024-10-14,check,8026,subcontractor
BILL-C823FD18,VEN-003,PROJ-21938DC6,JOB-A2A08A34,VEN-003-565,paid,2024-09-24,2024-10-09,3586.5,2024-10-06,check,1360,subcontractor
BILL-3F949101,VEN-008,PROJ-21938DC6,JOB-FE41FE13,SI-33873,paid,2024-09-30,2024-10-30,1428.46,2024-11-02,ach,,material
BILL-CA1CEB88,VEN-002,PROJ-21938DC6,JOB-FE41FE13,SI-57795,paid,2024-09-28,2024-10-28,431.73,2024-10-28,check,,material
BILL-74E94B38,VEN-004,PROJ-21938DC6,JOB-FE41FE13,VEN-004-722,paid,2024-09-28,2024-10-13,3100.31,2024-10-18,check,9218,subcontractor
BILL-1B584635,VEN-004,PROJ-21938DC6,JOB-FE41FE13,VEN-004-762,paid,2024-10-01,2024-10-16,3100.31,2024-10-18,check,7324,subcontractor
BILL-F3ADE4C0,VEN-008,PROJ-21938DC6,JOB-CEEA1F5E,SI-75773,paid,2024-10-04,2024-11-03,912.73,2024-11-11,check,,material
BILL-E2847B04,VEN-001,PROJ-21938DC6,JOB-CEEA1F5E,SI-47527,paid,2024-10-05,2024-11-04,168.41,2024-11-14,check,4387,material
BILL-4A740844,VEN-001,PROJ-21938DC6,JOB-CEEA1F5E,SI-53241,paid,2024-10-04,2024-11-03,163.08,2024-11-06,check,7990,material
BILL-A79C0482,VEN-001,PROJ-21938DC6,JOB-230B8F88,SI-36209,paid,2024-10-08,2024-11-07,1342.89,2024-11-16,ach,3699,material
BILL-3AB323D5,VEN-001,PROJ-21938DC6,JOB-230B8F88,SI-37825,paid,2024-10-08,2024-11-07,686.61,2024-11-11,check,3179,material
BILL-D938E2CD,VEN-001,PROJ-21938DC6,JOB-230B8F88,SI-63114,paid,2024-10-07,2024-11-06,89.1,2024-10-29,check,1142,material
BILL-11159774,VEN-002,PROJ-21938DC6,JOB-953309AC,SI-37544,paid,2024-10-13,2024-11-12,8858.39,2024-11-18,ach,1419,material
BILL-12178AD2,VEN-002,PROJ-21938DC6,JOB-953309AC,SI-84082,paid,2024-10-11,2024-11-10,268.06,2024-10-28,check,,material
BILL-6130C40D,VEN-009,PROJ-21938DC6,JOB-C91118A5,VEN-009-774,paid,2024-10-22,2024-11-06,3608.06,2024-11-16,check,6229,subcontractor
BILL-AA18B40C,VEN-009,PROJ-21938DC6,JOB-C91118A5,VEN-009-953,paid,2024-10-25,2024-11-09,3608.06,2024-11-04,check,9968,subcontractor
BILL-42B73EF5,VEN-001,PROJ-21938DC6,JOB-3E7A9232,SI-89913,paid,2024-10-29,2024-11-28,242.44,2024-12-01,ach,1008,material
BILL-8F66FD28,VEN-008,PROJ-21938DC6,JOB-3E7A9232,SI-85848,paid,2024-10-29,2024-11-28,617.51,2024-12-02,ach,,material
BILL-7B1386A7,VEN-008,PROJ-21938DC6,JOB-3E7A9232,SI-99083,paid,2024-10-28,2024-11-27,705.38,2024-11-21,check,,material
BILL-D6C607C0,VEN-002,PROJ-21938DC6,JOB-3E7A9232,SI-17121,paid,2024-10-30,2024-11-29,20.61,2024-11-18,ach,9293,material
BILL-FD4754C3,VEN-006,PROJ-21938DC6,JOB-3E7A9232,VEN-006-624,paid,2024-10-28,2024-11-12,4229.16,2024-11-09,check,4520,subcontractor
BILL-4FB0B1DC,VEN-002,PROJ-21938DC6,JOB-1CECCCEF,SI-63223,paid,2024-11-02,2024-12-02,32.0,2024-11-29,ach,2879,material
BILL-B76D2D88,VEN-002,PROJ-21938DC6,JOB-1CECCCEF,SI-59367,paid,2024-11-03,2024-12-03,93.53,2024-11-29,ach,,material
BILL-97E7136D,VEN-002,PROJ-21938DC6,JOB-1CECCCEF,SI-90937,paid,2024-11-03,2024-12-03,964.34,2024-11-29,check,8476,material
BILL-090B2584,VEN-002,PROJ-21938DC6,JOB-1CECCCEF,SI-11953,paid,2024-11-03,2024-12-03,36.57,2024-12-02,check,2722,material
BILL-030409D5,VEN-001,PROJ-21938DC6,JOB-9050E8E0,SI-89735,paid,2024-11-07,2024-12-07,1327.42,2024-12-09,ach,8484,material
BILL-5FC0F5DE,VEN-001,PROJ-21938DC6,JOB-9050E8E0,SI-61152,paid,2024-11-06,2024-12-06,326.76,2024-11-22,ach,,material
BILL-2726C5D5,VEN-001,PROJ-21938DC6,JOB-35A3D9BF,SI-64503,paid,2024-11-09,2024-12-09,2908.45,2024-12-14,check,9307,material
BILL-48FE9D1D,VEN-001,PROJ-21938DC6,JOB-35A3D9BF,SI-43062,paid,2024-11-10,2024-12-10,3004.53,2024-11-26,check,8766,material
BILL-54C1A194,VEN-008,PROJ-32E69088,JOB-373B646E,SI-55366,paid,2024-10-19,2024-11-18,736.69,2024-11-06,ach,9329,material
BILL-071A266F,VEN-008,PROJ-CB16FC8A,JOB-73FA9969,SI-67930,paid,2024-10-01,2024-10-31,827.04,2024-10-16,check,8866,material
BILL-3BC9B19B,VEN-003,PROJ-CB16FC8A,JOB-73FA9969,VEN-003-239,paid,2024-09-28,2024-10-13,1488.67,2024-10-11,check,3246,subcontractor
BILL-2B75520F,VEN-003,PROJ-CB16FC8A,JOB-73FA9969,VEN-003-837,paid,2024-10-02,2024-10-17,1488.67,2024-10-14,check,1695,subcontractor
BILL-5B688692,VEN-008,PROJ-CB16FC8A,JOB-57FAAF43,SI-26408,paid,2024-10-07,2024-11-06,392.92,2024-11-04,ach,3804,material
BILL-EA2F7B80,VEN-004,PROJ-CB16FC8A,JOB-57FAAF43,VEN-004-987,paid,2024-10-06,2024-10-21,785.84,2024-10-28,check,9235,subcontractor
BILL-E9AE9BEC,VEN-004,PROJ-CB16FC8A,JOB-57FAAF43,VEN-004-887,paid,2024-10-07,2024-10-22,785.84,2024-10-26,check,9520,subcontractor
BILL-8A06797D,VEN-001,PROJ-CB16FC8A,JOB-196B0B8C,SI-10108,paid,2024-10-10,2024-11-09,13.17,2024-11-06,ach,,material
BILL-9EA988BB,VEN-001,PROJ-CB16FC8A,JOB-196B0B8C,SI-94791,paid,2024-10-10,2024-11-09,128.46,2024-11-04,ach,1159,material
BILL-E6B83F4B,VEN-002,PROJ-CB16FC8A,JOB-196B0B8C,SI-73478,paid,2024-10-09,2024-11-08,708.28,2024-11-09,check,,material
BILL-88D43D0F,VEN-001,PROJ-CB16FC8A,JOB-A5D5B5F9,SI-91720,paid,2024-10-16,2024-11-15,285.89,2024-11-22,check,,material
BILL-7A36AC6E,VEN-001,PROJ-CB16FC8A,JOB-A5D5B5F9,SI-55664,paid,2024-10-13,2024-11-12,287.8,2024-11-10,ach,,material
BILL-93341579,VEN-008,PROJ-CB16FC8A,JOB-A5D5B5F9,SI-66277,paid,2024-10-16,2024-11-15,782.88,2024-11-01,check,8700,material
BILL-2C45B9AA,VEN-006,PROJ-CB16FC8A,JOB-A5D5B5F9,VEN-006-549,paid,2024-10-12,2024-10-27,1695.72,2024-10-24,check,7870,subcontractor
BILL-AA2A7A4E,VEN-006,PROJ-CB16FC8A,JOB-A5D5B5F9,VEN-006-433,paid,2024-10-16,2024-10-31,1695.72,2024-10-26,check,5486,subcontractor
BILL-D60404E3,VEN-008,PROJ-CB16FC8A,JOB-529B1FF7,SI-74218,paid,2024-10-24,2024-11-23,79.72,2024-11-10,ach,9525,material
BILL-63D024F9,VEN-002,PROJ-CB16FC8A,JOB-529B1FF7,SI-44741,paid,2024-10-22,2024-11-21,60.57,2024-11-12,check,,material
BILL-6272E1F5,VEN-008,PROJ-CB16FC8A,JOB-529B1FF7,SI-22678,paid,2024-10-21,2024-11-20,1772.38,2024-11-08,check,,material
BILL-8B9E0280,VEN-008,PROJ-CB16FC8A,JOB-529B1FF7,SI-93472,paid,2024-10-21,2024-11-20,900.23,2024-11-29,ach,2864,material
BILL-1AF2C885,VEN-002,PROJ-CB16FC8A,JOB-CFD9981B,SI-92601,paid,2024-10-27,2024-11-26,266.31,2024-11-12,ach,,material
BILL-A3ACFB9D,VEN-008,PROJ-CB16FC8A,JOB-CFD9981B,SI-80636,paid,2024-10-27,2024-11-26,22.95,2024-11-13,ach,,material
BILL-1DEA386E,VEN-001,PROJ-CB16FC8A,JOB-CFD9981B,SI-44546,paid,2024-10-27,2024-11-26,124.75,2024-12-01,ach,3551,material
BILL-EE7A38B3,VEN-008,PROJ-CB16FC8A,JOB-CFD9981B,SI-61966,paid,2024-10-27,2024-11-26,38.52,2024-11-27,ach,2669,material
BILL-272215F7,VEN-002,PROJ-87ABD382,JOB-84E4CE46,SI-72119,paid,2024-10-13,2024-11-12,2492.14,2024-10-30,check,,material
BILL-CEA6EE90,VEN-008,PROJ-87ABD382,JOB-84E4CE46,SI-42920,paid,2024-10-16,2024-11-15,162.66,2024-11-09,check,8595,material
BILL-68E2A7DD,VEN-002,PROJ-87ABD382,JOB-84E4CE46,SI-50159,paid,2024-10-14,2024-11-13,421.87,2024-10-29,check,8745,material
BILL-D47F70A1,VEN-008,PROJ-87ABD382,JOB-84E4CE46,SI-54293,paid,2024-10-15,2024-11-14,487.71,2024-11-21,ach,,material
BILL-8D75835D,VEN-002,PROJ-87ABD382,JOB-9D98038D,SI-70481,paid,2024-10-26,2024-11-25,7150.41,2024-11-22,check,6912,material
BILL-0B811AF8,VEN-001,PROJ-87ABD382,JOB-9D98038D,SI-60133,paid,2024-10-26,2024-11-25,1944.38,2024-11-15,check,,material
BILL-C68000F7,VEN-008,PROJ-87ABD382,JOB-9D98038D,SI-95346,paid,2024-10-19,2024-11-18,253.18,2024-11-04,check,,material
BILL-4252E28D,VEN-008,PROJ-87ABD382,JOB-9D98038D,SI-27229,paid,2024-10-23,2024-11-22,256.39,2024-11-15,check,8256,material
BILL-3333D594,VEN-008,PROJ-87ABD382,JOB-51FEEE99,SI-56508,paid,2024-11-05,2024-12-05,373.65,2024-12-11,ach,,material
BILL-21E2D676,VEN-001,PROJ-87ABD382,JOB-51FEEE99,SI-14208,paid,2024-11-05,2024-12-05,1008.37,2024-12-09,check,2522,material
BILL-602626D8,VEN-001,PROJ-87ABD382,JOB-51FEEE99,SI-36468,paid,2024-11-05,2024-12-05,1647.92,2024-12-01,ach,7528,material
BILL-2CBF86E6,VEN-002,PROJ-87ABD382,JOB-ED7E1833,SI-96204,paid,2024-11-09,2024-12-09,527.54,2024-12-13,ach,1886,material
BILL-DF59CFD8,VEN-008,PROJ-87ABD382,JOB-ED7E1833,SI-48346,paid,2024-11-08,2024-12-08,743.45,2024-12-06,ach,5249,material
BILL-C9706E38,VEN-001,PROJ-87ABD382,JOB-ED7E1833,SI-83168,paid,2024-11-08,2024-12-08,507.58,2024-12-12,ach,6484,material
BILL-34CE2831,VEN-001,PROJ-6FBC8E65,JOB-1F3CCE00,SI-77269,paid,2024-10-15,2024-11-14,37.79,2024-11-24,ach,6720,material
BILL-A122D935,VEN-002,PROJ-6FBC8E65,JOB-1F3CCE00,SI-32960,paid,2024-10-16,2024-11-15,125.73,2024-11-18,ach,7751,material
BILL-B24BBF3C,VEN-002,PROJ-6FBC8E65,JOB-1F3CCE00,SI-65906,paid,2024-10-16,2024-11-15,318.25,2024-11-02,ach,2184,material
BILL-ABA0B5F0,VEN-002,PROJ-7FE51EFE,JOB-75DA6BB6,SI-82134,paid,2024-10-23,2024-11-22,1576.26,2024-11-11,ach,,material
BILL-9EC7A9D8,VEN-008,PROJ-7FE51EFE,JOB-75DA6BB6,SI-97873,paid,2024-10-25,2024-11-24,7582.31,2024-12-03,ach,,material
BILL-E459F80F,VEN-002,PROJ-7FE51EFE,JOB-75DA6BB6,SI-39663,paid,2024-10-24,2024-11-23,127.1,2024-11-19,check,7543,material
BILL-E5D98D33,VEN-002,PROJ-7FE51EFE,JOB-F763F84B,SI-92741,paid,2024-11-08,2024-12-08,1405.18,2024-12-13,ach,,material
BILL-A2A827D9,VEN-002,PROJ-7FE51EFE,JOB-F763F84B,SI-97339,paid,2024-11-06,2024-12-06,12155.25,2024-12-11,check,,material
BILL-28656FA0,VEN-002,PROJ-7FE51EFE,JOB-F763F84B,SI-99207,paid,2024-11-01,2024-12-01,16534.36,2024-12-07,check,2581,material
BILL-153E3A58,VEN-001,PROJ-7FE51EFE,JOB-4118F954,SI-51820,paid,2024-11-25,2024-12-25,66558.48,2024-12-12,ach,6701,material
BILL-55CAC3A5,VEN-008,PROJ-7FE51EFE,JOB-F4C46713,SI-32845,paid,2024-12-08,2025-01-07,9445.59,2025-01-05,ach,2751,material
BILL-1804D292,VEN-002,PROJ-7FE51EFE,JOB-F4C46713,SI-46254,paid,2024-12-10,2025-01-09,725.78,2024-12-25,check,,material
BILL-6B64F520,VEN-008,PROJ-7FE51EFE,JOB-F4C46713,SI-40881,paid,2024-12-07,2025-01-06,10652.02,2025-01-08,check,,material
BILL-0B758371,VEN-002,PROJ-7FE51EFE,JOB-B7610884,SI-12199,paid,2024-12-16,2025-01-15,5487.41,2025-01-05,ach,6789,material
BILL-526DE7C4,VEN-008,PROJ-7FE51EFE,JOB-B7610884,SI-48269,paid,2024-12-16,2025-01-15,5550.51,2025-01-18,ach,7725,material
BILL-A8B9700B,VEN-002,PROJ-7FE51EFE,JOB-B7610884,SI-69198,paid,2024-12-15,2025-01-14,20899.21,2025-01-08,check,2999,material
BILL-F1C5B9A3,VEN-008,PROJ-7FE51EFE,JOB-B7610884,SI-52221,paid,2024-12-17,2025-01-16,7.25,2025-01-10,check,9512,material
BILL-D90F451B,VEN-008,PROJ-7FE51EFE,JOB-D68B60BD,SI-67825,paid,2024-12-28,2025-01-27,8501.16,2025-01-13,ach,5795,material
BILL-15DC2912,VEN-003,PROJ-7FE51EFE,JOB-D68B60BD,VEN-003-943,paid,2024-12-26,2025-01-10,14877.02,2025-01-18,check,3905,subcontractor
BILL-AFD6754B,VEN-003,PROJ-7FE51EFE,JOB-D68B60BD,VEN-003-458,paid,2024-12-30,2025-01-14,14877.02,2025-01-12,check,8549,subcontractor
BILL-84DF9811,VEN-002,PROJ-7FE51EFE,JOB-2F77CB21,SI-73516,paid,2025-01-05,2025-02-04,2730.19,2025-01-24,ach,5944,material
BILL-C5C9F5F2,VEN-008,PROJ-7FE51EFE,JOB-2F77CB21,SI-28839,paid,2025-01-07,2025-02-06,10229.81,2025-01-27,check,6118,material
BILL-4369DAE0,VEN-001,PROJ-7FE51EFE,JOB-2F77CB21,SI-84463,paid,2025-01-06,2025-02-05,2262.18,2025-02-10,check,,material
BILL-7737582C,VEN-004,PROJ-7FE51EFE,JOB-2F77CB21,VEN-004-807,paid,2025-01-03,2025-01-18,17759.21,2025-01-18,check,4326,subcontractor
BILL-A64A76C0,VEN-004,PROJ-7FE51EFE,JOB-2F77CB21,VEN-004-370,paid,2025-01-07,2025-01-22,17759.21,2025-01-28,check,4096,subcontractor
BILL-77EFC4F6,VEN-005,PROJ-7FE51EFE,JOB-D85DAE35,VEN-005-114,paid,2025-01-12,2025-01-27,15137.03,2025-02-06,check,4693,subcontractor
BILL-E1C78807,VEN-005,PROJ-7FE51EFE,JOB-D85DAE35,VEN-005-452,paid,2025-01-15,2025-01-30,15137.03,2025-01-27,check,3696,subcontractor
BILL-13D8BD64,VEN-008,PROJ-7FE51EFE,JOB-D79A6513,SI-59660,paid,2025-01-18,2025-02-17,2114.14,2025-02-25,ach,8513,material
BILL-248E04FC,VEN-008,PROJ-7FE51EFE,JOB-D79A6513,SI-98332,paid,2025-01-20,2025-02-19,9587.73,2025-02-24,ach,,material
BILL-B586EAB1,VEN-002,PROJ-7FE51EFE,JOB-473899AF,SI-47433,paid,2025-01-26,2025-02-25,26886.39,2025-02-25,ach,2987,material
BILL-950DBD00,VEN-002,PROJ-7FE51EFE,JOB-8DBCA36C,SI-61833,paid,2025-02-03,2025-03-05,10851.86,2025-02-27,check,,material
BILL-A5A91B03,VEN-001,PROJ-7FE51EFE,JOB-8DBCA36C,SI-54908,paid,2025-02-04,2025-03-06,1495.59,2025-02-20,ach,2653,material
BILL-1BFECF85,VEN-001,PROJ-7FE51EFE,JOB-8DBCA36C,SI-81407,paid,2025-02-02,2025-03-04,2270.51,2025-03-05,ach,,material
BILL-F7B57201,VEN-002,PROJ-7FE51EFE,JOB-A2DA530E,SI-11245,paid,2025-02-09,2025-03-11,6334.77,2025-03-06,check,6816,material
BILL-FC022501,VEN-008,PROJ-7FE51EFE,JOB-A2DA530E,SI-75663,paid,2025-02-07,2025-03-09,1102.65,2025-02-22,check,,material
BILL-EE9A3750,VEN-001,PROJ-7FE51EFE,JOB-A2DA530E,SI-27892,paid,2025-02-09,2025-03-11,2456.95,2025-03-09,ach,,material
BILL-E760FA42,VEN-002,PROJ-7FE51EFE,JOB-91AFCA27,SI-39262,paid,2025-02-16,2025-03-18,5098.75,2025-03-11,ach,2960,material
BILL-403E1AFE,VEN-008,PROJ-7FE51EFE,JOB-91AFCA27,SI-37136,paid,2025-02-16,2025-03-18,6817.3,2025-03-14,ach,,material
BILL-EB7E2D77,VEN-001,PROJ-7FE51EFE,JOB-91AFCA27,SI-43012,paid,2025-02-16,2025-03-18,11776.41,2025-03-08,ach,4930,material
BILL-08B8B18C,VEN-009,PROJ-7FE51EFE,JOB-0AE6C2DA,VEN-009-744,paid,2025-02-20,2025-03-07,18682.0,2025-03-08,check,7235,subcontractor
BILL-495E6EAA,VEN-002,PROJ-7FE51EFE,JOB-3ED95419,SI-66554,paid,2025-02-24,2025-03-26,23144.4,2025-03-11,ach,1018,material
BILL-10C9CBC8,VEN-008,PROJ-7FE51EFE,JOB-718AF637,SI-18064,paid,2025-03-06,2025-04-05,6243.35,2025-04-07,check,1458,material
BILL-5375C8BA,VEN-002,PROJ-7FE51EFE,JOB-718AF637,SI-20677,paid,2025-03-03,2025-04-02,4733.5,2025-04-04,ach,7400,material
BILL-1DFAD38D,VEN-008,PROJ-7FE51EFE,JOB-718AF637,SI-77451,paid,2025-03-05,2025-04-04,2939.43,2025-04-08,ach,7994,material
BILL-8D8882F8,VEN-002,PROJ-7FE51EFE,JOB-718AF637,SI-56471,paid,2025-03-06,2025-04-05,1218.15,2025-03-27,check,,material
BILL-B503368E,VEN-001,PROJ-7FE51EFE,JOB-77342632,SI-31312,paid,2025-03-09,2025-04-08,15919.95,2025-04-01,ach,,material
BILL-BE127E58,VEN-001,PROJ-7FE51EFE,JOB-77342632,SI-30161,paid,2025-03-12,2025-04-11,4761.1,2025-04-21,check,3639,material
BILL-6550B0B7,VEN-002,PROJ-7FE51EFE,JOB-F87B71D3,SI-14911,paid,2025-03-16,2025-04-15,1315.83,2025-04-01,ach,7904,material
BILL-2F284B44,VEN-002,PROJ-7FE51EFE,JOB-F87B71D3,SI-82180,paid,2025-03-16,2025-04-15,4324.83,2025-04-07,ach,,material
BILL-2A1041DD,VEN-001,PROJ-7FE51EFE,JOB-F87B71D3,SI-44172,paid,2025-03-17,2025-04-16,4047.14,2025-04-12,ach,7692,material
BILL-D13BF6AE,VEN-001,PROJ-47F55F82,JOB-F517E87B,SI-31165,paid,2024-11-26,2024-12-26,725.17,2024-12-29,ach,1426,material
BILL-2F933BA8,VEN-001,PROJ-B57123B8,JOB-BCC03F32,SI-96954,paid,2024-11-29,2024-12-29,88.75,2024-12-28,ach,,material
BILL-5736BB62,VEN-001,PROJ-B57123B8,JOB-BCC03F32,SI-40415,paid,2024-11-28,2024-12-28,175.06,2024-12-16,ach,9508,material
BILL-E45A7293,VEN-008,PROJ-B57123B8,JOB-BCC03F32,SI-13940,paid,2024-11-29,2024-12-29,448.89,2024-12-29,ach,6741,material
BILL-87B6D53B,VEN-002,PROJ-5B2FD347,JOB-C212EB58,SI-42854,paid,2025-01-17,2025-02-16,100.94,2025-02-15,ach,,material
BILL-1EC3BAE4,VEN-002,PROJ-5B2FD347,JOB-C212EB58,SI-40118,paid,2025-01-17,2025-02-16,159.72,2025-02-22,ach,,material
BILL-CF082E7F,VEN-008,PROJ-5B2FD347,JOB-C212EB58,SI-32080,paid,2025-01-16,2025-02-15,241.51,2025-01-31,check,9296,material
BILL-809387EC,VEN-008,PROJ-6924BF0C,JOB-63A49AE9,SI-92983,paid,2025-02-05,2025-03-07,196.39,2025-03-16,check,,material
BILL-2C896638,VEN-002,PROJ-6924BF0C,JOB-63A49AE9,SI-81934,paid,2025-02-04,2025-03-06,9.63,2025-03-12,ach,,material
BILL-931BDB66,VEN-002,PROJ-6924BF0C,JOB-63A49AE9,SI-10313,paid,2025-02-03,2025-03-05,53.16,2025-03-14,ach,2993,material
BILL-026F4157,VEN-002,PROJ-6924BF0C,JOB-63A49AE9,SI-44273,paid,2025-02-04,2025-03-06,588.73,2025-03-12,check,,material
BILL-FBD5A19A,VEN-003,PROJ-6924BF0C,JOB-63A49AE9,VEN-003-498,paid,2025-02-03,2025-02-18,3052.48,2025-02-27,check,9585,subcontractor
BILL-6FAA2D52,VEN-002,PROJ-6924BF0C,JOB-8BBE6DAD,SI-62550,paid,2025-02-09,2025-03-11,280.38,2025-03-01,check,,material
BILL-04E28D52,VEN-001,PROJ-6924BF0C,JOB-8BBE6DAD,SI-77800,paid,2025-02-09,2025-03-11,83.18,2025-03-11,check,,material
BILL-B285543F,VEN-004,PROJ-6924BF0C,JOB-8BBE6DAD,VEN-004-316,paid,2025-02-09,2025-02-24,727.12,2025-02-26,check,8481,subcontractor
BILL-A11D833A,VEN-004,PROJ-6924BF0C,JOB-8BBE6DAD,VEN-004-450,paid,2025-02-10,2025-02-25,727.12,2025-03-05,check,8357,subcontractor
BILL-9F3EAB64,VEN-008,PROJ-6924BF0C,JOB-4BB29965,SI-66104,paid,2025-02-12,2025-03-14,268.98,2025-03-13,ach,8146,material
BILL-8B24B844,VEN-001,PROJ-6924BF0C,JOB-4BB29965,SI-63883,paid,2025-02-13,2025-03-15,8.62,2025-03-02,ach,,material
BILL-4B8CAE41,VEN-002,PROJ-6924BF0C,JOB-4BB29965,SI-30295,paid,2025-02-12,2025-03-14,348.88,2025-03-02,check,,material
BILL-AC53C9D0,VEN-008,PROJ-6924BF0C,JOB-F5671F6F,SI-85134,paid,2025-02-16,2025-03-18,491.12,2025-03-03,check,8016,material
BILL-94E61905,VEN-008,PROJ-6924BF0C,JOB-F5671F6F,SI-93486,paid,2025-02-18,2025-03-20,954.88,2025-03-06,check,,material
BILL-1D3E3F5A,VEN-006,PROJ-6924BF0C,JOB-F5671F6F,VEN-006-642,paid,2025-02-15,2025-03-02,3614.99,2025-02-26,check,5515,subcontractor
BILL-9FE48D44,VEN-008,PROJ-6924BF0C,JOB-5FFC0A3C,SI-50958,paid,2025-02-22,2025-03-24,302.08,2025-03-25,ach,,material
BILL-0BF6D1D9,VEN-001,PROJ-6924BF0C,JOB-5FFC0A3C,SI-33557,paid,2025-02-23,2025-03-25,531.41,2025-03-27,check,6396,material
BILL-89793565,VEN-001,PROJ-6924BF0C,JOB-5FFC0A3C,SI-39466,paid,2025-02-23,2025-03-25,1383.9,2025-03-25,check,2332,material
BILL-2960565B,VEN-002,PROJ-6924BF0C,JOB-7AB72959,SI-14260,paid,2025-02-26,2025-03-28,195.4,2025-03-20,ach,3578,material
BILL-766B839B,VEN-002,PROJ-6924BF0C,JOB-7AB72959,SI-96600,paid,2025-02-26,2025-03-28,126.58,2025-03-26,ach,6197,material
BILL-E6C4C81B,VEN-001,PROJ-6924BF0C,JOB-7AB72959,SI-23733,paid,2025-02-27,2025-03-29,72.4,2025-04-04,check,,material
BILL-36327AEC,VEN-002,PROJ-6924BF0C,JOB-7AB72959,SI-66678,paid,2025-02-27,2025-03-29,13.06,2025-03-27,check,,material
BILL-1C1A37D8,VEN-001,PROJ-A0674B13,JOB-1B5A19D9,SI-21337,paid,2025-02-06,2025-03-08,665.69,2025-02-22,check,8538,material
BILL-4BB7F275,VEN-002,PROJ-A0674B13,JOB-1B5A19D9,SI-92037,paid,2025-02-03,2025-03-05,115.39,2025-02-20,check,5497,material
BILL-EE017865,VEN-003,PROJ-A0674B13,JOB-1B5A19D9,VEN-003-635,paid,2025-02-03,2025-02-18,1405.94,2025-02-26,check,5523,subcontractor
BILL-E1A50CE4,VEN-003,PROJ-A0674B13,JOB-1B5A19D9,VEN-003-156,paid,2025-02-07,2025-02-22,1405.94,2025-02-23,check,6229,subcontractor
BILL-84AFB75E,VEN-008,PROJ-A0674B13,JOB-EBCF7739,SI-17798,paid,2025-02-14,2025-03-16,255.71,2025-03-23,check,9799,material
BILL-F56FB353,VEN-004,PROJ-A0674B13,JOB-EBCF7739,VEN-004-804,paid,2025-02-12,2025-02-27,511.42,2025-03-03,check,9635,subcontractor
BILL-34E9944C,VEN-004,PROJ-A0674B13,JOB-EBCF7739,VEN-004-509,paid,2025-02-14,2025-03-01,511.42,2025-02-28,check,1510,subcontractor
BILL-1909DD25,VEN-008,PROJ-A0674B13,JOB-D7265A78,SI-79219,paid,2025-02-16,2025-03-18,365.54,2025-03-25,ach,,material
BILL-F9A1B220,VEN-008,PROJ-A0674B13,JOB-D7265A78,SI-80650,paid,2025-02-18,2025-03-20,162.56,2025-03-12,ach,1582,material
BILL-EA622436,VEN-001,PROJ-A0674B13,JOB-1A18246B,SI-38688,paid,2025-02-22,2025-03-24,287.69,2025-04-02,ach,,material
BILL-7FD1C311,VEN-008,PROJ-A0674B13,JOB-1A18246B,SI-53555,paid,2025-02-23,2025-03-25,39.71,2025-03-10,ach,9994,material
BILL-AD534738,VEN-008,PROJ-A0674B13,JOB-1A18246B,SI-17061,paid,2025-02-22,2025-03-24,232.24,2025-03-21,check,6188,material
BILL-3EF7D493,VEN-002,PROJ-A0674B13,JOB-1A18246B,SI-57144,paid,2025-02-23,2025-03-25,508.65,2025-03-23,check,,material
BILL-322EB45D,VEN-006,PROJ-A0674B13,JOB-1A18246B,VEN-006-171,paid,2025-02-20,2025-03-07,1335.36,2025-03-04,check,5562,subcontractor
BILL-07705CB5,VEN-006,PROJ-A0674B13,JOB-1A18246B,VEN-006-253,paid,2025-02-25,2025-03-12,1335.36,2025-03-21,check,1933,subcontractor
BILL-50E10D44,VEN-001,PROJ-A0674B13,JOB-2C8BD92B,SI-15541,paid,2025-03-05,2025-04-04,2150.72,2025-04-07,check,9532,material
BILL-00F3016F,VEN-008,PROJ-A0674B13,JOB-A9C583F6,SI-55165,paid,2025-03-09,2025-04-08,239.0,2025-04-10,ach,,material
BILL-31306A30,VEN-002,PROJ-A0674B13,JOB-A9C583F6,SI-87600,paid,2025-03-10,2025-04-09,64.19,2025-03-30,ach,6383,material
BILL-AE8819E9,VEN-008,PROJ-C0F53A71,JOB-010C1365,SI-79259,paid,2025-03-28,2025-04-27,913.5,2025-05-04,ach,9252,material
BILL-F1F45835,VEN-003,PROJ-C0F53A71,JOB-010C1365,VEN-003-292,paid,2025-03-26,2025-04-10,1644.29,2025-04-06,check,3676,subcontractor
BILL-91F1492D,VEN-003,PROJ-C0F53A71,JOB-010C1365,VEN-003-126,paid,2025-03-28,2025-04-12,1644.29,2025-04-09,check,2826,subcontractor
BILL-BC555380,VEN-002,PROJ-C0F53A71,JOB-9BBF12EA,SI-52308,paid,2025-03-31,2025-04-30,332.85,2025-04-25,check,9203,material
BILL-F547B47B,VEN-004,PROJ-C0F53A71,JOB-9BBF12EA,VEN-004-901,paid,2025-03-31,2025-04-15,665.7,2025-04-15,check,8978,subcontractor
BILL-8A67521E,VEN-004,PROJ-C0F53A71,JOB-9BBF12EA,VEN-004-781,paid,2025-04-01,2025-04-16,665.7,2025-04-26,check,3643,subcontractor
BILL-C2F5185F,VEN-002,PROJ-C0F53A71,JOB-973BE686,SI-22547,paid,2025-04-02,2025-05-02,780.67,2025-04-24,check,,material
BILL-83E54D7E,VEN-008,PROJ-C0F53A71,JOB-1A51585B,SI-12117,paid,2025-04-06,2025-05-06,51.67,2025-04-25,ach,8426,material
BILL-273AD2F1,VEN-008,PROJ-C0F53A71,JOB-1A51585B,SI-81374,paid,2025-04-07,2025-05-07,1213.88,2025-05-02,check,5246,material
BILL-33F2CE08,VEN-006,PROJ-C0F53A71,JOB-1A51585B,VEN-006-407,paid,2025-04-04,2025-04-19,1581.94,2025-04-22,check,5726,subcontractor
BILL-5CE35CE5,VEN-006,PROJ-C0F53A71,JOB-1A51585B,VEN-006-365,paid,2025-04-07,2025-04-22,1581.94,2025-04-28,check,8555,subcontractor
BILL-E2E4A771,VEN-008,PROJ-C0F53A71,JOB-B50C815F,SI-84569,paid,2025-04-11,2025-05-11,2582.15,2025-05-13,ach,,material
BILL-37DD84FC,VEN-008,PROJ-C0F53A71,JOB-80C59BC2,SI-63605,paid,2025-04-15,2025-05-15,136.26,2025-05-23,ach,9193,material
BILL-D96BC1F2,VEN-001,PROJ-C0F53A71,JOB-80C59BC2,SI-87137,paid,2025-04-15,2025-05-15,8.36,2025-05-19,check,,material
BILL-24DA62F1,VEN-008,PROJ-C0F53A71,JOB-80C59BC2,SI-94526,paid,2025-04-14,2025-05-14,107.16,2025-05-12,ach,4134,material
BILL-F9A35C82,VEN-001,PROJ-C0F53A71,JOB-80C59BC2,SI-49481,paid,2025-04-15,2025-05-15,86.23,2025-05-01,check,9141,material
BILL-EB128C7A,VEN-002,PROJ-5CF69BF0,JOB-097CD964,SI-52666,paid,2025-03-15,2025-04-14,368.4,2025-04-06,ach,4915,material
BILL-88AC149B,VEN-002,PROJ-5CF69BF0,JOB-097CD964,SI-36810,paid,2025-03-16,2025-04-15,406.24,2025-04-04,ach,,material
BILL-24837DFC,VEN-008,PROJ-675A72AC,JOB-4156DB80,SI-35218,paid,2025-04-30,2025-05-30,38.68,2025-05-16,ach,7323,material
BILL-A6A9B44D,VEN-008,PROJ-675A72AC,JOB-4156DB80,SI-12497,paid,2025-05-01,2025-05-31,71.99,2025-05-16,ach,7574,material
BILL-784E2CAF,VEN-001,PROJ-675A72AC,JOB-4156DB80,SI-76534,paid,2025-05-01,2025-05-31,44.11,2025-06-07,check,,material
BILL-A39063AB,VEN-001,PROJ-675A72AC,JOB-4156DB80,SI-54764,paid,2025-05-01,2025-05-31,457.28,2025-05-29,ach,1660,material
BILL-DF133E13,VEN-001,PROJ-D9F63E7F,JOB-0E5A9A5C,SI-28949,paid,2025-05-30,2025-06-29,1624.03,2025-06-28,check,5556,material
BILL-9590A3A5,VEN-001,PROJ-D9F63E7F,JOB-0E5A9A5C,SI-13808,paid,2025-05-30,2025-06-29,628.1,2025-07-09,check,,material
BILL-75F2379B,VEN-002,PROJ-D9F63E7F,JOB-0E5A9A5C,SI-85955,paid,2025-05-30,2025-06-29,1224.37,2025-06-27,ach,8949,material
BILL-65129B73,VEN-002,PROJ-D9F63E7F,JOB-28B44907,SI-40403,paid,2025-06-06,2025-07-06,1718.1,2025-07-09,ach,,material
BILL-434AD34B,VEN-001,PROJ-D9F63E7F,JOB-28B44907,SI-62516,paid,2025-06-05,2025-07-05,3899.75,2025-07-05,check,7556,material
BILL-1C346E7A,VEN-002,PROJ-D9F63E7F,JOB-28B44907,SI-28590,paid,2025-06-07,2025-07-07,5223.19,2025-06-29,ach,,material
BILL-B57C739F,VEN-002,PROJ-D9F63E7F,JOB-28B44907,SI-86492,paid,2025-06-05,2025-07-05,2529.34,2025-06-22,check,,material
BILL-075F9EA4,VEN-008,PROJ-D9F63E7F,JOB-C2B86AAA,SI-99534,paid,2025-06-15,2025-07-15,246.25,2025-07-21,check,,material
BILL-DA8915DB,VEN-001,PROJ-D9F63E7F,JOB-C2B86AAA,SI-65791,paid,2025-06-13,2025-07-13,3301.71,2025-06-30,check,,material
BILL-F3FB3916,VEN-008,PROJ-D9F63E7F,JOB-E0F95459,SI-34469,paid,2025-06-19,2025-07-19,372.17,2025-07-23,ach,7507,material
BILL-5B000F1A,VEN-008,PROJ-D9F63E7F,JOB-E0F95459,SI-85620,paid,2025-06-19,2025-07-19,1098.36,2025-07-29,ach,7734,material
BILL-48331AAA,VEN-002,PROJ-D9F63E7F,JOB-E0F95459,SI-59724,paid,2025-06-18,2025-07-18,432.32,2025-07-09,check,8439,material
BILL-DA67B915,VEN-001,PROJ-47FB71CB,JOB-9462307A,SI-89912,paid,2025-05-18,2025-06-17,452.1,2025-06-10,check,,material
BILL-EE2BD7DE,VEN-001,PROJ-42EE4ECF,JOB-FFFE0D9E,SI-53249,paid,2025-05-29,2025-06-28,191.46,2025-06-29,ach,5659,material
BILL-D92DA0AC,VEN-008,PROJ-42EE4ECF,JOB-FFFE0D9E,SI-39565,paid,2025-05-29,2025-06-28,131.12,2025-07-08,ach,,material
BILL-44CCD975,VEN-002,PROJ-42EE4ECF,JOB-FFFE0D9E,SI-93992,paid,2025-05-29,2025-06-28,149.49,2025-06-22,check,5423,material
BILL-AD1D34E4,VEN-002,PROJ-42EE4ECF,JOB-FFFE0D9E,SI-96045,paid,2025-05-29,2025-06-28,3.52,2025-07-06,ach,,material
BILL-EC5F8B87,VEN-002,PROJ-786B3E70,JOB-56D05D7A,SI-69284,paid,2025-06-23,2025-07-23,153.13,2025-07-20,ach,6887,material
BILL-E3D3C87D,VEN-001,PROJ-786B3E70,JOB-56D05D7A,SI-24648,paid,2025-06-23,2025-07-23,305.95,2025-08-01,check,,material
BILL-1B26654E,VEN-002,PROJ-A0CF38DF,JOB-65F4B9E7,SI-16700,paid,2025-06-06,2025-07-06,554.87,2025-07-14,ach,,material
BILL-EFCDBABD,VEN-001,PROJ-A0CF38DF,JOB-65F4B9E7,SI-34719,paid,2025-06-08,2025-07-08,503.24,2025-06-26,check,,material
BILL-29EAA0FF,VEN-002,PROJ-A0CF38DF,JOB-65F4B9E7,SI-71402,paid,2025-06-06,2025-07-06,270.95,2025-07-11,ach,,material
BILL-6125A183,VEN-003,PROJ-A0CF38DF,JOB-65F4B9E7,VEN-003-895,paid,2025-06-06,2025-06-21,4784.6,2025-06-29,check,4744,subcontractor
BILL-55FBF398,VEN-008,PROJ-A0CF38DF,JOB-619657B3,SI-32930,paid,2025-06-11,2025-07-11,234.41,2025-07-19,check,,material
BILL-823D1C07,VEN-002,PROJ-A0CF38DF,JOB-619657B3,SI-24939,paid,2025-06-12,2025-07-12,195.51,2025-07-17,check,,material
BILL-3164B86F,VEN-008,PROJ-A0CF38DF,JOB-619657B3,SI-78257,paid,2025-06-12,2025-07-12,75.5,2025-07-22,ach,,material
BILL-ECA9B743,VEN-001,PROJ-A0CF38DF,JOB-619657B3,SI-71003,paid,2025-06-11,2025-07-11,34.21,2025-07-16,check,,material
BILL-F54C74E3,VEN-004,PROJ-A0CF38DF,JOB-619657B3,VEN-004-678,paid,2025-06-11,2025-06-26,1079.25,2025-07-04,check,3202,subcontractor
BILL-AA3D044D,VEN-004,PROJ-A0CF38DF,JOB-619657B3,VEN-004-673,paid,2025-06-12,2025-06-27,1079.25,2025-06-26,check,3539,subcontractor
BILL-0502AEDA,VEN-008,PROJ-A0CF38DF,JOB-7C9E0C81,SI-42551,paid,2025-06-13,2025-07-13,863.58,2025-07-13,check,,material
BILL-9D5A9194,VEN-008,PROJ-A0CF38DF,JOB-77DA0134,SI-80657,paid,2025-06-16,2025-07-16,77.51,2025-07-18,ach,,material
BILL-E3B70B32,VEN-001,PROJ-A0CF38DF,JOB-77DA0134,SI-89375,paid,2025-06-16,2025-07-16,2220.35,2025-07-02,ach,8795,material
BILL-4A3624A1,VEN-006,PROJ-A0CF38DF,JOB-77DA0134,VEN-006-102,paid,2025-06-15,2025-06-30,5744.65,2025-07-01,check,1469,subcontractor
BILL-54B5B503,VEN-001,PROJ-A0CF38DF,JOB-4CF50A56,SI-31823,paid,2025-06-23,2025-07-23,957.09,2025-07-14,ach,1502,material
BILL-33FE470F,VEN-001,PROJ-A0CF38DF,JOB-4CF50A56,SI-67613,paid,2025-06-23,2025-07-23,2125.63,2025-07-11,ach,7226,material
BILL-7A96CDD5,VEN-001,PROJ-A0CF38DF,JOB-729E894C,SI-41294,paid,2025-06-25,2025-07-25,37.44,2025-07-31,check,,material
BILL-E3008985,VEN-008,PROJ-A0CF38DF,JOB-729E894C,SI-56168,paid,2025-06-25,2025-07-25,388.99,2025-07-30,check,3179,material
BILL-8658C488,VEN-002,PROJ-35A930A2,JOB-A53212D3,SI-43993,paid,2025-07-18,2025-08-17,353.75,2025-08-25,ach,9316,material
BILL-B00F822E,VEN-008,PROJ-35A930A2,JOB-A53212D3,SI-81305,paid,2025-07-17,2025-08-16,312.8,2025-08-02,ach,1793,material
BILL-B925C831,VEN-002,PROJ-24C0FD95,JOB-F7AC7321,SI-54137,paid,2025-08-08,2025-09-07,304.63,2025-09-01,ach,8472,material
BILL-45707254,VEN-001,PROJ-F14B78F9,JOB-D0F4480D,SI-60777,paid,2025-07-04,2025-08-03,3548.75,2025-07-28,ach,,material
BILL-7704495C,VEN-002,PROJ-F14B78F9,JOB-D0F4480D,SI-91050,paid,2025-07-04,2025-08-03,1747.75,2025-07-21,check,,material
BILL-4620AF57,VEN-001,PROJ-F14B78F9,JOB-A57D1B24,SI-71972,paid,2025-07-13,2025-08-12,388.5,2025-08-08,check,,material
BILL-55EDAC33,VEN-008,PROJ-F14B78F9,JOB-A57D1B24,SI-55757,paid,2025-07-11,2025-08-10,466.79,2025-08-08,check,4700,material
BILL-DF745036,VEN-002,PROJ-F14B78F9,JOB-A57D1B24,SI-85364,paid,2025-07-11,2025-08-10,1240.6,2025-08-17,ach,,material
BILL-D2678690,VEN-004,PROJ-F14B78F9,JOB-A57D1B24,VEN-004-669,paid,2025-07-11,2025-07-26,4191.77,2025-08-02,check,9609,subcontractor
BILL-6B20EFBF,VEN-004,PROJ-F14B78F9,JOB-A57D1B24,VEN-004-318,paid,2025-07-13,2025-07-28,4191.77,2025-07-27,check,7379,subcontractor
BILL-E1F1A897,VEN-001,PROJ-F14B78F9,JOB-B74B211E,SI-65544,paid,2025-07-17,2025-08-16,302.73,2025-08-05,ach,,material
BILL-2086E217,VEN-002,PROJ-F14B78F9,JOB-B74B211E,SI-48889,paid,2025-07-16,2025-08-15,19.89,2025-08-23,ach,4712,material
BILL-743DB0E1,VEN-001,PROJ-F14B78F9,JOB-B74B211E,SI-11108,paid,2025-07-17,2025-08-16,1129.67,2025-08-16,ach,7446,material
BILL-0950BA55,VEN-003,PROJ-F14B78F9,JOB-B74B211E,VEN-003-128,paid,2025-07-16,2025-07-31,5083.03,2025-07-28,check,2094,subcontractor
BILL-6462C833,VEN-005,PROJ-F14B78F9,JOB-72D18C72,VEN-005-912,paid,2025-07-19,2025-08-03,7183.82,2025-08-07,check,2389,subcontractor
BILL-A2BEE8BD,VEN-001,PROJ-F14B78F9,JOB-11CE3A66,SI-75537,paid,2025-07-24,2025-08-23,3113.31,2025-08-25,ach,,material
BILL-821810DD,VEN-002,PROJ-F14B78F9,JOB-E98932A3,SI-28498,paid,2025-07-27,2025-08-26,2564.57,2025-08-22,check,,material
BILL-CC696E83,VEN-002,PROJ-F14B78F9,JOB-617AF671,SI-11214,paid,2025-07-30,2025-08-29,1668.83,2025-08-30,check,,material
BILL-F6B1B5A9,VEN-002,PROJ-F14B78F9,JOB-E859EFF1,SI-96533,paid,2025-08-02,2025-09-01,46.6,2025-09-02,ach,,material
BILL-3324C054,VEN-008,PROJ-F14B78F9,JOB-E859EFF1,SI-43911,paid,2025-08-01,2025-08-31,4964.33,2025-09-03,check,,material
BILL-8953E26A,VEN-002,PROJ-F14B78F9,JOB-A208A8DB,SI-29969,paid,2025-08-04,2025-09-03,191.37,2025-08-30,check,1168,material
BILL-BB0051DD,VEN-008,PROJ-F14B78F9,JOB-A208A8DB,SI-51286,paid,2025-08-05,2025-09-04,1704.89,2025-08-30,ach,2567,material
BILL-84706799,VEN-001,PROJ-F14B78F9,JOB-A208A8DB,SI-74273,paid,2025-08-04,2025-09-03,1095.12,2025-09-04,ach,2193,material
BILL-42169507,VEN-002,PROJ-927A4D7C,JOB-ED730EED,SI-50473,paid,2025-07-30,2025-08-29,454.94,2025-09-07,ach,4420,material
BILL-9D726E8C,VEN-002,PROJ-927A4D7C,JOB-ED730EED,SI-43857,paid,2025-07-30,2025-08-29,121.66,2025-08-23,ach,9485,material
BILL-BC1C74D8,VEN-002,PROJ-927A4D7C,JOB-ED730EED,SI-85496,paid,2025-07-30,2025-08-29,80.76,2025-08-19,ach,5608,material
BILL-A97C7CF4,VEN-002,PROJ-FA49F8EA,JOB-D8CEEF94,SI-48573,paid,2025-08-04,2025-09-03,14.67,2025-08-31,check,1919,material
BILL-D5EFC922,VEN-001,PROJ-FA49F8EA,JOB-D8CEEF94,SI-75999,paid,2025-08-03,2025-09-02,124.05,2025-09-12,check,2334,material
BILL-1C8B4620,VEN-002,PROJ-FA49F8EA,JOB-D8CEEF94,SI-86986,paid,2025-08-03,2025-09-02,196.5,2025-09-09,ach,5201,material
BILL-48D51AC3,VEN-002,PROJ-29C62C6C,JOB-A4850E0A,SI-28252,paid,2025-07-31,2025-08-30,209.61,2025-08-27,check,,material
BILL-638FFCB6,VEN-008,PROJ-29C62C6C,JOB-A4850E0A,SI-51370,paid,2025-07-28,2025-08-27,3712.86,2025-08-13,check,3372,material
BILL-961325CD,VEN-001,PROJ-29C62C6C,JOB-A4850E0A,SI-25945,paid,2025-07-29,2025-08-28,489.97,2025-08-30,check,9139,material
BILL-94E7F63A,VEN-001,PROJ-29C62C6C,JOB-2893ED9A,SI-42663,paid,2025-08-10,2025-09-09,3562.59,2025-09-04,check,4115,material
BILL-424C2515,VEN-008,PROJ-29C62C6C,JOB-2893ED9A,SI-49240,paid,2025-08-15,2025-09-14,7742.26,2025-09-10,check,2936,material
BILL-25C64BDC,VEN-008,PROJ-29C62C6C,JOB-2893ED9A,SI-80126,paid,2025-08-07,2025-09-06,1492.57,2025-08-24,check,,material
BILL-553BF405,VEN-002,PROJ-29C62C6C,JOB-2893ED9A,SI-80159,paid,2025-08-11,2025-09-10,2581.6,2025-09-11,check,,material
BILL-E4A9EB9C,VEN-001,PROJ-29C62C6C,JOB-4FB2FEBD,SI-89597,paid,2025-08-28,2025-09-27,5439.12,2025-09-25,check,3861,material
BILL-F4592B9A,VEN-008,PROJ-29C62C6C,JOB-2BE7CCD2,SI-72712,paid,2025-09-05,2025-10-05,236.06,2025-10-03,check,9881,material
BILL-EC57E896,VEN-001,PROJ-29C62C6C,JOB-2BE7CCD2,SI-14666,paid,2025-09-07,2025-10-07,379.61,2025-09-30,check,3990,material
BILL-BC4F6F0F,VEN-001,PROJ-29C62C6C,JOB-2BE7CCD2,SI-84359,paid,2025-09-06,2025-10-06,1758.95,2025-09-27,check,5661,material
BILL-E8CFB1DB,VEN-002,PROJ-DC11FEBD,JOB-F848897B,SI-13863,paid,2025-08-07,2025-09-06,152.72,2025-08-24,ach,,material
BILL-D90A1AAC,VEN-002,PROJ-DC11FEBD,JOB-F848897B,SI-21174,paid,2025-08-06,2025-09-05,498.19,2025-08-23,ach,1804,material
BILL-6DE37CB9,VEN-001,PROJ-18A853FB,JOB-2E8B2D6D,SI-21417,paid,2025-08-15,2025-09-14,145.1,2025-09-24,ach,,material
BILL-AD0845CB,VEN-001,PROJ-18A853FB,JOB-2E8B2D6D,SI-57096,paid,2025-08-14,2025-09-13,672.5,2025-08-30,ach,,material
BILL-D9DF5C4A,VEN-001,PROJ-18A853FB,JOB-2E8B2D6D,SI-73805,paid,2025-08-15,2025-09-14,188.82,2025-09-22,ach,8293,material
BILL-EEE92853,VEN-003,PROJ-18A853FB,JOB-2E8B2D6D,VEN-003-257,paid,2025-08-14,2025-08-29,1811.56,2025-09-07,check,1301,subcontractor
BILL-5C5C8C9C,VEN-003,PROJ-18A853FB,JOB-2E8B2D6D,VEN-003-142,paid,2025-08-17,2025-09-01,1811.56,2025-09-01,check,2744,subcontractor
BILL-F08A399E,VEN-002,PROJ-18A853FB,JOB-B0B71D6A,SI-35287,paid,2025-08-22,2025-09-21,491.46,2025-09-25,ach,,material
BILL-7451C2E7,VEN-004,PROJ-18A853FB,JOB-B0B71D6A,VEN-004-891,paid,2025-08-21,2025-09-05,982.92,2025-09-14,check,8462,subcontractor
BILL-4DF9F9D5,VEN-004,PROJ-18A853FB,JOB-B0B71D6A,VEN-004-677,paid,2025-08-22,2025-09-06,982.92,2025-09-07,check,6790,subcontractor
BILL-73CD0732,VEN-002,PROJ-18A853FB,JOB-F9D52A54,SI-70225,paid,2025-08-25,2025-09-24,969.3,2025-09-22,check,6696,material
BILL-34FAF301,VEN-001,PROJ-18A853FB,JOB-AB4C165A,SI-18557,paid,2025-08-31,2025-09-30,2141.36,2025-09-15,check,,material
BILL-745EDC1D,VEN-006,PROJ-18A853FB,JOB-AB4C165A,VEN-006-911,paid,2025-08-27,2025-09-11,2676.71,2025-09-14,check,1039,subcontractor
BILL-95FDBDA0,VEN-006,PROJ-18A853FB,JOB-AB4C165A,VEN-006-587,paid,2025-08-31,2025-09-15,2676.71,2025-09-15,check,3721,subcontractor
BILL-D6A01550,VEN-008,PROJ-18A853FB,JOB-D0D4FF88,SI-39753,paid,2025-09-06,2025-10-06,1859.57,2025-10-09,check,,material
BILL-9405C49B,VEN-001,PROJ-18A853FB,JOB-D0D4FF88,SI-98357,paid,2025-09-06,2025-10-06,785.85,2025-10-07,check,6725,material
BILL-93F02CCA,VEN-008,PROJ-18A853FB,JOB-64A812A2,SI-11068,paid,2025-09-09,2025-10-09,486.18,2025-10-04,check,,material
BILL-3775ABD3,VEN-001,PROJ-C9F30E02,JOB-7310D316,SI-36305,paid,2025-08-14,2025-09-13,19.68,2025-09-03,ach,,material
BILL-EDFE240A,VEN-008,PROJ-C9F30E02,JOB-7310D316,SI-67632,paid,2025-08-13,2025-09-12,256.47,2025-09-08,check,3398,material
BILL-9ADCD497,VEN-008,PROJ-33E78F5F,JOB-F170826F,SI-47689,paid,2025-09-27,2025-10-27,352.8,2025-10-24,ach,,material
BILL-B84318FD,VEN-001,PROJ-33E78F5F,JOB-F170826F,SI-48729,paid,2025-09-27,2025-10-27,246.35,2025-10-22,ach,,material
BILL-67E8A8B4,VEN-008,PROJ-33E78F5F,JOB-F170826F,SI-72880,paid,2025-09-27,2025-10-27,64.22,2025-10-20,check,8182,material
BILL-2AE32D59,VEN-002,PROJ-FA1A4F40,JOB-8970339E,SI-67767,paid,2025-09-29,2025-10-29,863.7,2025-10-20,ach,6125,material
BILL-F85D10BF,VEN-002,PROJ-FA1A4F40,JOB-8970339E,SI-43133,paid,2025-10-02,2025-11-01,135.5,2025-11-06,ach,,material
BILL-8A2AC749,VEN-003,PROJ-FA1A4F40,JOB-8970339E,VEN-003-692,paid,2025-09-29,2025-10-14,3597.13,2025-10-14,check,9417,subcontractor
BILL-58B6C828,VEN-002,PROJ-FA1A4F40,JOB-11FA21E5,SI-31353,paid,2025-10-07,2025-11-06,63.82,2025-10-28,check,3610,material
BILL-20A6D18B,VEN-001,PROJ-FA1A4F40,JOB-11FA21E5,SI-49046,paid,2025-10-06,2025-11-05,80.96,2025-10-29,check,,material
BILL-9B2D4D06,VEN-008,PROJ-FA1A4F40,JOB-11FA21E5,SI-39565,paid,2025-10-06,2025-11-05,145.34,2025-11-13,ach,2252,material
BILL-180A16B7,VEN-004,PROJ-FA1A4F40,JOB-11FA21E5,VEN-004-912,paid,2025-10-06,2025-10-21,580.23,2025-10-27,check,2799,subcontractor
BILL-5967F9ED,VEN-004,PROJ-FA1A4F40,JOB-11FA21E5,VEN-004-236,paid,2025-10-07,2025-10-22,580.23,2025-10-28,check,5548,subcontractor
BILL-32583792,VEN-008,PROJ-FA1A4F40,JOB-3980A753,SI-50111,paid,2025-10-09,2025-11-08,262.65,2025-11-18,check,5845,material
BILL-D5AEAFA9,VEN-001,PROJ-FA1A4F40,JOB-3980A753,SI-42639,paid,2025-10-09,2025-11-08,103.1,2025-11-06,ach,5563,material
BILL-45C4B3B7,VEN-001,PROJ-FA1A4F40,JOB-3980A753,SI-67587,paid,2025-10-10,2025-11-09,320.2,2025-11-17,ach,2949,material
BILL-12D7B6FC,VEN-008,PROJ-FA1A4F40,JOB-3980A753,SI-72913,paid,2025-10-10,2025-11-09,111.67,2025-11-01,check,4029,material
BILL-38DC4312,VEN-008,PROJ-FA1A4F40,JOB-D4AC9992,SI-29341,paid,2025-10-12,2025-11-11,0.04,2025-10-28,check,1364,material
BILL-F549E3EF,VEN-008,PROJ-FA1A4F40,JOB-D4AC9992,SI-77758,paid,2025-10-14,2025-11-13,340.28,2025-11-10,ach,1698,material
BILL-E12B4C11,VEN-001,PROJ-FA1A4F40,JOB-D4AC9992,SI-10985,paid,2025-10-14,2025-11-13,760.26,2025-10-29,ach,,material
BILL-9B9E1AA6,VEN-001,PROJ-FA1A4F40,JOB-D4AC9992,SI-93365,paid,2025-10-12,2025-11-11,472.2,2025-11-07,check,2579,material
BILL-F3A7139E,VEN-006,PROJ-FA1A4F40,JOB-D4AC9992,VEN-006-792,paid,2025-10-12,2025-10-27,1965.98,2025-11-02,check,8144,subcontractor
BILL-41FCC1FB,VEN-006,PROJ-FA1A4F40,JOB-D4AC9992,VEN-006-445,paid,2025-10-16,2025-10-31,1965.98,2025-11-05,check,9087,subcontractor
BILL-3139C682,VEN-002,PROJ-FA1A4F40,JOB-718FD1A5,SI-30360,paid,2025-10-20,2025-11-19,435.84,2025-11-17,check,4655,material
BILL-873BF891,VEN-008,PROJ-FA1A4F40,JOB-718FD1A5,SI-90944,paid,2025-10-21,2025-11-20,8.61,2025-11-14,ach,1108,material
BILL-DD3D695B,VEN-008,PROJ-FA1A4F40,JOB-718FD1A5,SI-46168,paid,2025-10-21,2025-11-20,1789.82,2025-11-12,check,1490,material
BILL-726C1786,VEN-008,PROJ-FA1A4F40,JOB-104A13BE,SI-74447,paid,2025-10-26,2025-11-25,382.13,2025-12-02,ach,,material
BILL-B127F64C,VEN-008,PROJ-0294BE41,JOB-E4A24FC1,SI-39370,paid,2025-09-12,2025-10-12,3617.4,2025-10-05,ach,6201,material
BILL-D7292866,VEN-003,PROJ-0294BE41,JOB-E4A24FC1,VEN-003-996,paid,2025-09-12,2025-09-27,10852.18,2025-10-03,check,2641,subcontractor
BILL-4D75F8AC,VEN-002,PROJ-0294BE41,JOB-6C3284F4,SI-11355,paid,2025-09-19,2025-10-19,2664.43,2025-10-14,check,,material
BILL-D7583400,VEN-004,PROJ-0294BE41,JOB-6C3284F4,VEN-004-440,paid,2025-09-19,2025-10-04,4440.72,2025-09-29,check,4264,subcontractor
BILL-9D3C12D3,VEN-004,PROJ-0294BE41,JOB-6C3284F4,VEN-004-970,paid,2025-09-22,2025-10-07,4440.72,2025-10-07,check,3873,subcontractor
BILL-4581226F,VEN-002,PROJ-0294BE41,JOB-BF3F88A3,SI-12004,paid,2025-09-26,2025-10-26,1331.35,2025-11-03,ach,1457,material
BILL-D27AD37B,VEN-008,PROJ-0294BE41,JOB-BF3F88A3,SI-99386,paid,2025-09-25,2025-10-25,116.65,2025-10-21,ach,6809,material
BILL-5ADBF1DA,VEN-002,PROJ-0294BE41,JOB-1824C678,SI-81280,paid,2025-09-29,2025-10-29,3553.69,2025-10-19,ach,,material
BILL-D96AC5CD,VEN-002,PROJ-0294BE41,JOB-F14F2B80,SI-17898,paid,2025-10-02,2025-11-01,6532.13,2025-10-21,ach,6762,material
BILL-7322740D,VEN-002,PROJ-0294BE41,JOB-F14F2B80,SI-99986,paid,2025-10-05,2025-11-04,7127.26,2025-10-31,ach,3582,material
BILL-4FC723B9,VEN-008,PROJ-0294BE41,JOB-F14F2B80,SI-87052,paid,2025-10-04,2025-11-03,1286.31,2025-10-29,check,6070,material
BILL-A1F2E33E,VEN-009,PROJ-0294BE41,JOB-1AA2EEB6,VEN-009-997,paid,2025-10-12,2025-10-27,5202.72,2025-10-30,check,8743,subcontractor
BILL-27AB40AD,VEN-009,PROJ-0294BE41,JOB-1AA2EEB6,VEN-009-123,paid,2025-10-14,2025-10-29,5202.72,2025-10-28,check,7009,subcontractor
BILL-8A840978,VEN-002,PROJ-0294BE41,JOB-196B919E,SI-15687,paid,2025-10-18,2025-11-17,1411.73,2025-11-07,ach,9272,material
BILL-35A4D02D,VEN-002,PROJ-0294BE41,JOB-196B919E,SI-65986,paid,2025-10-18,2025-11-17,656.87,2025-11-18,ach,4949,material
BILL-F076FFF3,VEN-008,PROJ-0294BE41,JOB-196B919E,SI-34792,paid,2025-10-18,2025-11-17,100.65,2025-11-06,check,2847,material
BILL-6E68DE03,VEN-006,PROJ-0294BE41,JOB-196B919E,VEN-006-951,paid,2025-10-17,2025-11-01,5784.66,2025-11-11,check,8810,subcontractor
BILL-8336FAE7,VEN-008,PROJ-0294BE41,JOB-A43DE6D7,SI-83308,paid,2025-10-22,2025-11-21,641.79,2025-11-06,ach,,material
BILL-45CF90B5,VEN-001,PROJ-0294BE41,JOB-A43DE6D7,SI-59069,paid,2025-10-23,2025-11-22,113.02,2025-11-27,ach,,material
BILL-3043D2C6,VEN-008,PROJ-0294BE41,JOB-A43DE6D7,SI-94760,paid,2025-10-22,2025-11-21,914.53,2025-11-20,check,,material
BILL-2713DCCC,VEN-008,PROJ-0294BE41,JOB-D9FB9A5F,SI-13160,paid,2025-10-27,2025-11-26,1479.91,2025-11-30,check,1713,material
BILL-9EA20C35,VEN-001,PROJ-0294BE41,JOB-D9FB9A5F,SI-21587,paid,2025-10-27,2025-11-26,662.55,2025-11-16,ach,3212,material
BILL-EA3E1237,VEN-008,PROJ-0294BE41,JOB-06E1A19E,SI-79927,paid,2025-10-29,2025-11-28,1306.13,2025-12-03,check,4116,material
BILL-7CAAD318,VEN-001,PROJ-0294BE41,JOB-06E1A19E,SI-19577,paid,2025-10-29,2025-11-28,5267.06,2025-11-14,check,9200,material
BILL-042B0149,VEN-001,PROJ-0294BE41,JOB-06E1A19E,SI-30809,paid,2025-11-01,2025-12-01,2105.02,2025-12-06,check,8206,material
BILL-16379A32,VEN-001,PROJ-0294BE41,JOB-06E1A19E,SI-12829,paid,2025-11-01,2025-12-01,789.36,2025-12-05,ach,,material
BILL-0E51CFAD,VEN-002,PROJ-4BBCD096,JOB-B503CD05,SI-10199,paid,2025-09-28,2025-10-28,103.85,2025-11-07,check,4770,material
BILL-EA288F3C,VEN-008,PROJ-4BBCD096,JOB-B503CD05,SI-36525,paid,2025-09-30,2025-10-30,653.94,2025-10-20,check,,material
BILL-BD07203B,VEN-008,PROJ-4BBCD096,JOB-B503CD05,SI-55485,paid,2025-09-26,2025-10-26,319.49,2025-11-03,ach,1935,material
BILL-ABBE0D4D,VEN-001,PROJ-4BBCD096,JOB-B503CD05,SI-62378,paid,2025-09-26,2025-10-26,241.48,2025-10-24,ach,2214,material
BILL-F731CCF8,VEN-003,PROJ-4BBCD096,JOB-B503CD05,VEN-003-603,paid,2025-09-26,2025-10-11,4747.56,2025-10-06,check,4838,subcontractor
BILL-42ED4A72,VEN-008,PROJ-4BBCD096,JOB-091A9B78,SI-77942,paid,2025-10-04,2025-11-03,87.62,2025-11-04,check,7742,material
BILL-CD27996B,VEN-002,PROJ-4BBCD096,JOB-091A9B78,SI-22185,paid,2025-10-04,2025-11-03,165.48,2025-10-26,ach,,material
BILL-378C4D20,VEN-008,PROJ-4BBCD096,JOB-091A9B78,SI-17803,paid,2025-10-05,2025-11-04,219.98,2025-10-27,check,7034,material
BILL-77DAF863,VEN-004,PROJ-4BBCD096,JOB-091A9B78,VEN-004-422,paid,2025-10-04,2025-10-19,1892.34,2025-10-16,check,1245,subcontractor
BILL-868E9236,VEN-008,PROJ-4BBCD096,JOB-3B5D36FA,SI-47246,paid,2025-10-08,2025-11-07,952.1,2025-11-04,ach,3233,material
BILL-9941B328,VEN-002,PROJ-4BBCD096,JOB-BD76E054,SI-97373,paid,2025-10-13,2025-11-12,2106.42,2025-11-11,ach,,material
BILL-3CE1C750,VEN-006,PROJ-4BBCD096,JOB-BD76E054,VEN-006-268,paid,2025-10-10,2025-10-25,5266.04,2025-11-01,check,2984,subcontractor
BILL-7FD67893,VEN-008,PROJ-4BBCD096,JOB-70EB0BA0,SI-16959,paid,2025-10-20,2025-11-19,1499.52,2025-11-10,ach,,material
BILL-EF56D03B,VEN-002,PROJ-4BBCD096,JOB-70EB0BA0,SI-80164,paid,2025-10-22,2025-11-21,1309.64,2025-11-08,ach,4292,material
BILL-5CC4C534,VEN-001,PROJ-4BBCD096,JOB-73D306DD,SI-35151,paid,2025-10-26,2025-11-25,446.84,2025-11-15,check,,material
BILL-940FF9AF,VEN-002,PROJ-3F05CA24,JOB-1AF2F5A0,SI-47133,paid,2025-11-11,2025-12-11,646.91,2025-11-30,check,,material
BILL-ECE2B5C7,VEN-008,PROJ-72B8101E,JOB-8F1C0835,SI-29505,paid,2025-10-12,2025-11-11,506.15,2025-11-12,check,4298,material
BILL-81C8ABE2,VEN-002,PROJ-0A5D921E,JOB-96DD988C,SI-47148,paid,2025-11-13,2025-12-13,2663.91,2025-12-01,ach,8922,material
BILL-3EE1AC9E,VEN-003,PROJ-0A5D921E,JOB-96DD988C,VEN-003-498,paid,2025-11-13,2025-11-28,3995.87,2025-12-08,check,4539,subcontractor
BILL-E0E04381,VEN-003,PROJ-0A5D921E,JOB-96DD988C,VEN-003-691,paid,2025-11-16,2025-12-01,3995.87,2025-11-26,check,9578,subcontractor
BILL-7FEC547C,VEN-002,PROJ-0A5D921E,JOB-CC59F5E4,SI-85237,paid,2025-11-22,2025-12-22,2198.8,2025-12-09,ach,,material
BILL-B2E82E4E,VEN-002,PROJ-0A5D921E,JOB-CC59F5E4,SI-50828,paid,2025-11-20,2025-12-20,140.33,2025-12-28,check,,material
BILL-D1414D79,VEN-004,PROJ-0A5D921E,JOB-CC59F5E4,VEN-004-514,paid,2025-11-20,2025-12-05,3898.53,2025-12-01,check,6622,subcontractor
BILL-7D1796B2,VEN-004,PROJ-0A5D921E,JOB-CC59F5E4,VEN-004-231,paid,2025-11-22,2025-12-07,3898.53,2025-12-07,check,1045,subcontractor
BILL-B8257BBE,VEN-008,PROJ-0A5D921E,JOB-21BAEE7F,SI-74111,paid,2025-11-25,2025-12-25,230.75,2025-12-22,check,1560,material
BILL-B258708C,VEN-002,PROJ-0A5D921E,JOB-21BAEE7F,SI-21876,paid,2025-11-26,2025-12-26,623.11,2025-12-18,ach,8069,material
BILL-17AA8C38,VEN-008,PROJ-0A5D921E,JOB-21BAEE7F,SI-20204,paid,2025-11-26,2025-12-26,811.36,2026-01-03,ach,7980,material
BILL-517E8EDA,VEN-008,PROJ-0A5D921E,JOB-07F68D34,SI-27448,paid,2025-11-27,2025-12-27,2587.79,2026-01-05,check,7368,material
BILL-7226C4A3,VEN-002,PROJ-0A5D921E,JOB-32F804A9,SI-52488,paid,2025-12-04,2026-01-03,2931.23,2026-01-02,check,2790,material
BILL-C5729287,VEN-002,PROJ-0A5D921E,JOB-32F804A9,SI-81054,paid,2025-12-04,2026-01-03,11247.52,2026-01-01,ach,,material
BILL-2ACA62DA,VEN-009,PROJ-0A5D921E,JOB-0AA09BAE,VEN-009-688,paid,2025-12-12,2025-12-27,7923.28,2025-12-29,check,3539,subcontractor
BILL-5D6A818A,VEN-001,PROJ-0A5D921E,JOB-107DCBDD,SI-63484,paid,2025-12-17,2026-01-16,1941.44,2026-01-02,ach,3506,material
BILL-0BEE4969,VEN-008,PROJ-0A5D921E,JOB-107DCBDD,SI-67162,paid,2025-12-18,2026-01-17,20.49,2026-01-05,ach,4785,material
BILL-E673834B,VEN-006,PROJ-0A5D921E,JOB-107DCBDD,VEN-006-246,paid,2025-12-17,2026-01-01,5231.8,2025-12-31,check,3184,subcontractor
BILL-22A628BC,VEN-001,PROJ-0A5D921E,JOB-977E4B35,SI-84835,paid,2025-12-23,2026-01-22,180.04,2026-01-08,check,4332,material
BILL-DBF6B71F,VEN-008,PROJ-0A5D921E,JOB-977E4B35,SI-57506,paid,2025-12-22,2026-01-21,11.36,2026-01-22,check,,material
BILL-3881F248,VEN-008,PROJ-0A5D921E,JOB-977E4B35,SI-12503,paid,2025-12-23,2026-01-22,917.49,2026-01-29,check,8355,material
BILL-B3EA25AD,VEN-002,PROJ-0A5D921E,JOB-977E4B35,SI-13423,paid,2025-12-22,2026-01-21,224.96,2026-01-26,check,4770,material
BILL-906815F6,VEN-002,PROJ-0A5D921E,JOB-4DC9DD39,SI-53085,paid,2025-12-27,2026-01-26,2563.26,2026-01-26,ach,9748,material
BILL-8B13DACE,VEN-002,PROJ-0A5D921E,JOB-16C6D7A5,SI-68961,paid,2025-12-29,2026-01-28,6483.09,2026-01-18,check,8930,material
BILL-AF7EF235,VEN-002,PROJ-5F9B64C5,JOB-19D69A73,SI-64482,paid,2025-11-24,2025-12-24,556.19,2025-12-14,check,2879,material
BILL-F22A680D,VEN-002,PROJ-5F9B64C5,JOB-19D69A73,SI-73832,paid,2025-11-23,2025-12-23,124.99,2026-01-02,check,1789,material
BILL-A7323F9C,VEN-008,PROJ-9BFEBE19,JOB-054E722D,SI-68498,paid,2025-11-20,2025-12-20,51.17,2025-12-10,ach,5944,material
BILL-C2816F8D,VEN-002,PROJ-9BFEBE19,JOB-054E722D,SI-70862,paid,2025-11-19,2025-12-19,196.5,2025-12-07,check,9502,material
BILL-DC62CFDD,VEN-001,PROJ-9BFEBE19,JOB-054E722D,SI-50498,paid,2025-11-17,2025-12-17,818.4,2025-12-27,check,,material
BILL-63C85D66,VEN-008,PROJ-9BFEBE19,JOB-054E722D,SI-39496,paid,2025-11-20,2025-12-20,71.13,2025-12-06,check,,material
BILL-4FBB1AC1,VEN-008,PROJ-9BFEBE19,JOB-01F040D1,SI-52014,paid,2025-11-24,2025-12-24,4223.88,2025-12-22,ach,,material
BILL-6F350D39,VEN-008,PROJ-9BFEBE19,JOB-01F040D1,SI-68886,paid,2025-12-01,2025-12-31,1155.34,2026-01-02,ach,3621,material
BILL-128982E9,VEN-001,PROJ-9BFEBE19,JOB-01F040D1,SI-28691,paid,2025-11-30,2025-12-30,31.96,2025-12-23,check,7881,material
BILL-F858F040,VEN-008,PROJ-9BFEBE19,JOB-01F040D1,SI-62453,paid,2025-12-02,2026-01-01,78.17,2025-12-30,check,,material
BILL-55535F64,VEN-001,PROJ-9BFEBE19,JOB-DB769CB9,SI-10413,paid,2025-12-14,2026-01-13,300.34,2026-01-22,check,,material
BILL-5DCDB9EC,VEN-001,PROJ-9BFEBE19,JOB-DB769CB9,SI-69042,paid,2025-12-13,2026-01-12,146.02,2026-01-16,ach,,material
BILL-F9714DC4,VEN-008,PROJ-9BFEBE19,JOB-DB769CB9,SI-64695,paid,2025-12-14,2026-01-13,653.85,2025-12-31,ach,,material
BILL-E171000C,VEN-001,PROJ-9BFEBE19,JOB-DB769CB9,SI-17108,paid,2025-12-14,2026-01-13,420.37,2026-01-13,ach,8800,material
BILL-4C933C81,VEN-002,PROJ-9BFEBE19,JOB-02985971,SI-81267,paid,2025-12-19,2026-01-18,595.0,2026-01-09,ach,1864,material
BILL-1CC5FC18,VEN-001,PROJ-07B96037,JOB-170AAB26,SI-67164,paid,2025-12-31,2026-01-30,45.14,2026-01-23,ach,6065,material
BILL-B235D4DB,VEN-001,PROJ-07B96037,JOB-170AAB26,SI-49787,paid,2025-12-30,2026-01-29,622.2,2026-01-22,check,2727,material
BILL-5CE371D5,VEN-001,PROJ-07B96037,JOB-170AAB26,SI-79823,paid,2025-12-30,2026-01-29,50.99,2026-01-18,ach,1353,material
BILL-0FBB5465,VEN-008,PROJ-EB171124,JOB-C6B10584,SI-47883,paid,2025-12-28,2026-01-27,516.86,2026-01-19,check,6554,material
BILL-56D95719,VEN-001,PROJ-EB171124,JOB-C6B10584,SI-57490,paid,2025-12-29,2026-01-28,97.78,2026-01-19,ach,8987,material
BILL-E538C6AE,VEN-008,PROJ-EB171124,JOB-C6B10584,SI-46851,paid,2025-12-29,2026-01-28,265.19,2026-02-05,ach,9721,material
BILL-56AE3248,VEN-002,PROJ-EB171124,JOB-C6B10584,SI-67149,paid,2025-12-28,2026-01-27,92.44,2026-01-26,ach,4216,material
BILL-931DE5E8,VEN-001,PROJ-7C5E1099,JOB-9F172CDE,SI-73368,paid,2026-01-02,2026-02-01,91.7,2026-01-24,ach,,material
BILL-8B7CC4D9,VEN-002,PROJ-7C5E1099,JOB-9F172CDE,SI-46915,paid,2026-01-01,2026-01-31,175.12,2026-02-02,ach,,material
BILL-FA77749D,VEN-001,PROJ-7C5E1099,JOB-9F172CDE,SI-34527,paid,2026-01-01,2026-01-31,367.57,2026-01-21,check,8371,material
BILL-F92A5743,VEN-010,,,OH-202401-460,paid,2024-01-01,2024-01-31,3082.32,2024-01-14,ach,2763,rent
BILL-2432B9C7,VEN-010,,,OH-202401-325,paid,2024-01-05,2024-02-04,2738.46,2024-01-13,check,8265,vehicles
BILL-C027FC48,VEN-010,,,OH-202401-718,paid,2024-01-28,2024-02-27,905.45,2024-02-05,check,7411,vehicles
BILL-E5058456,VEN-010,,,OH-202401-515,paid,2024-01-15,2024-02-14,375.21,2024-01-27,check,6465,utilities
BILL-8222E11D,VEN-010,,,OH-202401-234,paid,2024-01-01,2024-01-31,299.77,2024-01-18,check,4088,software
BILL-201CC1A4,VEN-010,,,OH-202401-895,paid,2024-01-10,2024-02-09,1471.36,2024-01-16,check,1438,insurance
BILL-EC367F14,VEN-010,,,OH-202401-222,paid,2024-01-20,2024-02-19,427.79,2024-01-31,ach,5948,tools
BILL-5826A474,VEN-010,,,OH-202402-836,paid,2024-02-01,2024-03-02,3159.52,2024-02-10,ach,3353,rent
BILL-8DB70FA4,VEN-010,,,OH-202402-526,paid,2024-02-05,2024-03-06,2792.47,2024-02-15,ach,6242,vehicles
BILL-80DCA871,VEN-010,,,OH-202402-247,paid,2024-02-28,2024-03-29,862.38,2024-03-19,ach,4040,vehicles
BILL-47C2D29E,VEN-010,,,OH-202402-844,paid,2024-02-15,2024-03-16,361.65,2024-03-04,check,8281,utilities
BILL-E53D6264,VEN-010,,,OH-202402-190,paid,2024-02-01,2024-03-02,293.46,2024-02-11,check,6772,software
BILL-2E7EFFE5,VEN-010,,,OH-202402-573,paid,2024-02-10,2024-03-11,1773.43,2024-02-28,check,8226,insurance
BILL-4DE797B1,VEN-010,,,OH-202402-816,paid,2024-02-20,2024-03-21,488.91,2024-03-05,check,9544,tools
BILL-0E027126,VEN-010,,,OH-202403-419,paid,2024-03-01,2024-03-31,3304.75,2024-03-17,check,7807,rent
BILL-FBA9349B,VEN-010,,,OH-202403-161,paid,2024-03-05,2024-04-04,2731.58,2024-03-16,check,9956,vehicles
BILL-68E834B0,VEN-010,,,OH-202403-531,paid,2024-03-28,2024-04-27,775.8,2024-04-10,check,5882,vehicles
BILL-14DB4552,VEN-010,,,OH-202403-226,paid,2024-03-15,2024-04-14,365.71,2024-03-26,ach,2675,utilities
BILL-4CED7CB5,VEN-010,,,OH-202403-367,paid,2024-03-01,2024-03-31,277.12,2024-03-06,ach,9027,software
BILL-7C39D459,VEN-010,,,OH-202403-744,paid,2024-03-10,2024-04-09,1637.82,2024-03-25,ach,4084,insurance
BILL-FFD09346,VEN-010,,,OH-202403-887,paid,2024-03-20,2024-04-19,422.12,2024-03-26,ach,1278,tools
BILL-469503A9,VEN-010,,,OH-202404-139,paid,2024-04-01,2024-05-01,3347.03,2024-04-19,check,5979,rent
BILL-AB42C7FF,VEN-010,,,OH-202404-893,paid,2024-04-05,2024-05-05,2931.39,2024-04-18,ach,7558,vehicles
BILL-83468B7D,VEN-010,,,OH-202404-802,paid,2024-04-28,2024-05-28,762.96,2024-05-11,check,1653,vehicles
BILL-1CF09457,VEN-010,,,OH-202404-231,paid,2024-04-15,2024-05-15,389.19,2024-05-02,ach,1122,utilities
BILL-51D773C6,VEN-010,,,OH-202404-673,paid,2024-04-01,2024-05-01,280.75,2024-04-21,check,5790,software
BILL-F627B7F7,VEN-010,,,OH-202404-318,paid,2024-04-10,2024-05-10,1639.18,2024-04-21,check,4863,insurance
BILL-0F918927,VEN-010,,,OH-202404-120,paid,2024-04-20,2024-05-20,314.75,2024-05-03,check,9939,tools
BILL-3E2C6E5E,VEN-010,,,OH-202405-516,paid,2024-05-01,2024-05-31,3187.62,2024-05-09,check,5580,rent
BILL-3D6CF139,VEN-010,,,OH-202405-580,paid,2024-05-05,2024-06-04,2847.99,2024-05-25,check,5678,vehicles
BILL-217D255A,VEN-010,,,OH-202405-483,paid,2024-05-28,2024-06-27,673.81,2024-06-03,ach,5119,vehicles
BILL-A278C935,VEN-010,,,OH-202405-525,paid,2024-05-15,2024-06-14,367.35,2024-05-22,check,5465,utilities
BILL-101AE20B,VEN-010,,,OH-202405-590,paid,2024-05-01,2024-05-31,298.37,2024-05-07,ach,5962,software
BILL-DAC2DEBE,VEN-010,,,OH-202405-153,paid,2024-05-10,2024-06-09,1454.72,2024-05-27,check,4887,insurance
BILL-88FD41D8,VEN-010,,,OH-202405-356,paid,2024-05-20,2024-06-19,474.96,2024-06-02,ach,8272,tools
BILL-3EFE4EE5,VEN-010,,,OH-202406-507,paid,2024-06-01,2024-07-01,3244.72,2024-06-21,ach,3257,rent
BILL-824F6AA3,VEN-010,,,OH-202406-879,paid,2024-06-05,2024-07-05,2887.86,2024-06-25,ach,2180,vehicles
BILL-1CEF7CE4,VEN-010,,,OH-202406-827,paid,2024-06-28,2024-07-28,632.18,2024-07-12,check,8189,vehicles
BILL-16B3BA5E,VEN-010,,,OH-202406-423,paid,2024-06-15,2024-07-15,374.35,2024-06-21,check,1993,utilities
BILL-8A2E3806,VEN-010,,,OH-202406-787,paid,2024-06-01,2024-07-01,301.74,2024-06-21,check,3994,software
BILL-2D268DE0,VEN-010,,,OH-202406-321,paid,2024-06-10,2024-07-10,1731.11,2024-06-23,ach,6521,insurance
BILL-6AB46EB9,VEN-010,,,OH-202406-421,paid,2024-06-20,2024-07-20,560.29,2024-06-26,check,2977,tools
BILL-31615ABF,VEN-010,,,OH-202407-314,paid,2024-07-01,2024-07-31,3114.36,2024-07-09,check,1099,rent
BILL-B2961EBC,VEN-010,,,OH-202407-295,paid,2024-07-05,2024-08-04,2894.14,2024-07-17,check,9037,vehicles
BILL-E2A51BE9,VEN-010,,,OH-202407-335,paid,2024-07-28,2024-08-27,1008.38,2024-08-15,ach,5258,vehicles
BILL-5CD60B36,VEN-010,,,OH-202407-839,paid,2024-07-15,2024-08-14,364.86,2024-07-29,check,8557,utilities
BILL-D84C2D55,VEN-010,,,OH-202407-367,paid,2024-07-01,2024-07-31,289.72,2024-07-11,ach,1588,software
BILL-236EAB0B,VEN-010,,,OH-202407-131,paid,2024-07-10,2024-08-09,1400.05,2024-07-21,check,2103,insurance
BILL-F4D74E0F,VEN-010,,,OH-202407-651,paid,2024-07-20,2024-08-19,436.45,2024-07-25,check,1274,tools
BILL-977C9707,VEN-010,,,OH-202408-278,paid,2024-08-01,2024-08-31,3098.67,2024-08-16,ach,1111,rent
BILL-8507322B,VEN-010,,,OH-202408-605,paid,2024-08-05,2024-09-04,2880.1,2024-08-18,ach,4161,vehicles
BILL-EF641789,VEN-010,,,OH-202408-655,paid,2024-08-28,2024-09-27,914.54,2024-09-09,ach,6608,vehicles
BILL-5565929B,VEN-010,,,OH-202408-768,paid,2024-08-15,2024-09-14,391.67,2024-08-23,ach,7283,utilities
BILL-DDDEB2AE,VEN-010,,,OH-202408-702,paid,2024-08-01,2024-08-31,297.73,2024-08-10,ach,2140,software
BILL-2B33C99F,VEN-010,,,OH-202408-103,paid,2024-08-10,2024-09-09,1478.55,2024-08-15,check,1215,insurance
BILL-8033BFC4,VEN-010,,,OH-202408-912,paid,2024-08-20,2024-09-19,207.93,2024-09-02,check,4765,tools
BILL-ADD33F0C,VEN-010,,,OH-202409-494,paid,2024-09-01,2024-10-01,3061.06,2024-09-19,check,8787,rent
BILL-73CCA07A,VEN-010,,,OH-202409-429,paid,2024-09-05,2024-10-05,2942.33,2024-09-17,check,5221,vehicles
BILL-8F6D21F2,VEN-010,,,OH-202409-299,paid,2024-09-28,2024-10-28,1037.9,2024-10-04,ach,3345,vehicles
BILL-D7C165D5,VEN-010,,,OH-202409-180,paid,2024-09-15,2024-10-15,379.95,2024-09-28,check,3603,utilities
BILL-D7534E83,VEN-010,,,OH-202409-125,paid,2024-09-01,2024-10-01,290.17,2024-09-12,ach,6374,software
BILL-951C036A,VEN-010,,,OH-202409-599,paid,2024-09-10,2024-10-10,1533.13,2024-09-25,check,2996,insurance
BILL-58462445,VEN-010,,,OH-202409-439,paid,2024-09-20,2024-10-20,311.99,2024-09-28,check,4573,tools
BILL-BBAF405C,VEN-010,,,OH-202410-946,paid,2024-10-01,2024-10-31,3340.67,2024-10-15,ach,5362,rent
BILL-6F69BAD0,VEN-010,,,OH-202410-590,paid,2024-10-05,2024-11-04,2816.62,2024-10-22,check,1012,vehicles
BILL-076BC9A3,VEN-010,,,OH-202410-753,paid,2024-10-28,2024-11-27,1004.3,2024-11-03,check,4677,vehicles
BILL-B1B5C4F0,VEN-010,,,OH-202410-596,paid,2024-10-15,2024-11-14,364.17,2024-11-01,check,8169,utilities
BILL-E5C6D9B0,VEN-010,,,OH-202410-661,paid,2024-10-01,2024-10-31,300.27,2024-10-06,check,5165,software
BILL-CB9CD136,VEN-010,,,OH-202410-449,paid,2024-10-10,2024-11-09,1687.56,2024-10-21,check,5687,insurance
BILL-54AA7A9F,VEN-010,,,OH-202410-586,paid,2024-10-20,2024-11-19,546.19,2024-11-08,ach,6851,tools
BILL-BEBECF58,VEN-010,,,OH-202411-409,paid,2024-11-01,2024-12-01,3263.26,2024-11-12,check,6573,rent
BILL-69E84B0F,VEN-010,,,OH-202411-578,paid,2024-11-05,2024-12-05,2966.2,2024-11-18,check,2225,vehicles
BILL-BE2FFFB1,VEN-010,,,OH-202411-525,paid,2024-11-28,2024-12-28,1001.0,2024-12-13,ach,2605,vehicles
BILL-8F3EA567,VEN-010,,,OH-202411-269,paid,2024-11-15,2024-12-15,397.51,2024-11-25,ach,2590,utilities
BILL-85079D94,VEN-010,,,OH-202411-606,paid,2024-11-01,2024-12-01,297.03,2024-11-09,check,3311,software
BILL-0E78B3FF,VEN-010,,,OH-202411-177,paid,2024-11-10,2024-12-10,1612.73,2024-11-21,check,7416,insurance
BILL-ED76FA26,VEN-010,,,OH-202411-522,paid,2024-11-20,2024-12-20,416.22,2024-12-04,check,8738,tools
BILL-C41E4090,VEN-010,,,OH-202412-855,paid,2024-12-01,2024-12-31,3317.39,2024-12-12,check,1281,rent
BILL-16500D52,VEN-010,,,OH-202412-554,paid,2024-12-05,2025-01-04,2895.85,2024-12-11,check,4729,vehicles
BILL-59C5B9FF,VEN-010,,,OH-202412-675,paid,2024-12-28,2025-01-27,1073.29,2025-01-08,check,3349,vehicles
BILL-1C2A1285,VEN-010,,,OH-202412-866,paid,2024-12-15,2025-01-14,385.2,2024-12-23,ach,6864,utilities
BILL-6D78D4BC,VEN-010,,,OH-202412-463,paid,2024-12-01,2024-12-31,298.36,2024-12-14,ach,2193,software
BILL-70F3D0BE,VEN-010,,,OH-202412-409,paid,2024-12-10,2025-01-09,1411.46,2024-12-16,ach,3791,insurance
BILL-78C3BB2E,VEN-010,,,OH-202412-913,paid,2024-12-20,2025-01-19,201.94,2025-01-05,ach,6852,tools
BILL-17C633F1,VEN-010,,,OH-202501-490,paid,2025-01-01,2025-01-31,3070.1,2025-01-12,check,6192,rent
BILL-D4D80614,VEN-010,,,OH-202501-182,paid,2025-01-05,2025-02-04,2806.7,2025-01-22,check,7472,vehicles
BILL-81B9CAA1,VEN-010,,,OH-202501-243,paid,2025-01-28,2025-02-27,715.85,2025-02-03,ach,1867,vehicles
BILL-74283E44,VEN-010,,,OH-202501-880,paid,2025-01-15,2025-02-14,376.34,2025-01-22,ach,7407,utilities
BILL-3C2E1DC2,VEN-010,,,OH-202501-667,paid,2025-01-01,2025-01-31,283.61,2025-01-18,check,5219,software
BILL-783BEB8E,VEN-010,,,OH-202501-630,paid,2025-01-10,2025-02-09,1684.69,2025-01-28,ach,5980,insurance
BILL-D705AA3B,VEN-010,,,OH-202501-443,paid,2025-01-20,2025-02-19,333.08,2025-02-09,ach,9922,tools
BILL-49F85261,VEN-010,,,OH-202502-388,paid,2025-02-01,2025-03-03,3159.81,2025-02-15,ach,9602,rent
BILL-0C58473B,VEN-010,,,OH-202502-776,paid,2025-02-05,2025-03-07,2716.9,2025-02-19,ach,1004,vehicles
BILL-95D09E46,VEN-010,,,OH-202502-464,paid,2025-02-28,2025-03-30,934.2,2025-03-20,check,4801,vehicles
BILL-479A6255,VEN-010,,,OH-202502-323,paid,2025-02-15,2025-03-17,392.94,2025-03-05,ach,8889,utilities
BILL-66238FD2,VEN-010,,,OH-202502-473,paid,2025-02-01,2025-03-03,276.68,2025-02-06,check,3166,software
BILL-704EABF2,VEN-010,,,OH-202502-851,paid,2025-02-10,2025-03-12,1413.26,2025-02-19,check,2277,insurance
BILL-A301E48E,VEN-010,,,OH-202502-570,paid,2025-02-20,2025-03-22,315.2,2025-02-28,ach,6259,tools
BILL-FFFB312B,VEN-010,,,OH-202503-769,paid,2025-03-01,2025-03-31,3350.89,2025-03-19,check,1674,rent
BILL-C5C0DF42,VEN-010,,,OH-202503-802,paid,2025-03-05,2025-04-04,2989.08,2025-03-15,ach,3649,vehicles
BILL-A33B9B00,VEN-010,,,OH-202503-672,paid,2025-03-28,2025-04-27,733.23,2025-04-09,check,6720,vehicles
BILL-0D5562A5,VEN-010,,,OH-202503-790,paid,2025-03-15,2025-04-14,363.54,2025-03-20,ach,3233,utilities
BILL-94CE2749,VEN-010,,,OH-202503-492,paid,2025-03-01,2025-03-31,287.24,2025-03-15,check,2842,software
BILL-F9A0EF0A,VEN-010,,,OH-202503-447,paid,2025-03-10,2025-04-09,1567.22,2025-03-24,check,8475,insurance
BILL-E6C6751A,VEN-010,,,OH-202503-403,paid,2025-03-20,2025-04-19,227.39,2025-04-07,check,2059,tools
BILL-BB2D582C,VEN-010,,,OH-202504-569,paid,2025-04-01,2025-05-01,3193.76,2025-04-14,ach,7675,rent
BILL-8769B375,VEN-010,,,OH-202504-451,paid,2025-04-05,2025-05-05,2853.17,2025-04-19,check,3803,vehicles
BILL-1042C80D,VEN-010,,,OH-202504-544,paid,2025-04-28,2025-05-28,926.44,2025-05-11,ach,8907,vehicles
BILL-D511F916,VEN-010,,,OH-202504-608,paid,2025-04-15,2025-05-15,392.99,2025-04-25,check,1596,utilities
BILL-1B0E0CE8,VEN-010,,,OH-202504-721,paid,2025-04-01,2025-05-01,288.35,2025-04-12,ach,5064,software
BILL-EC113A71,VEN-010,,,OH-202504-162,paid,2025-04-10,2025-05-10,1438.42,2025-04-17,ach,5364,insurance
BILL-63013C1E,VEN-010,,,OH-202504-827,paid,2025-04-20,2025-05-20,540.98,2025-04-28,check,1095,tools
BILL-498737E1,VEN-010,,,OH-202505-974,paid,2025-05-01,2025-05-31,3312.85,2025-05-14,check,5691,rent
BILL-B8C2E79B,VEN-010,,,OH-202505-276,paid,2025-05-05,2025-06-04,2892.43,2025-05-25,ach,9836,vehicles
BILL-21DB5583,VEN-010,,,OH-202505-270,paid,2025-05-28,2025-06-27,928.56,2025-06-15,ach,6764,vehicles
BILL-336CBDE5,VEN-010,,,OH-202505-814,paid,2025-05-15,2025-06-14,362.22,2025-05-31,ach,9039,utilities
BILL-64D310AF,VEN-010,,,OH-202505-698,paid,2025-05-01,2025-05-31,289.29,2025-05-21,check,4060,software
BILL-5542C2C6,VEN-010,,,OH-202505-915,paid,2025-05-10,2025-06-09,1635.28,2025-05-27,ach,8623,insurance
BILL-7A8EAF60,VEN-010,,,OH-202505-654,paid,2025-05-20,2025-06-19,590.58,2025-06-08,ach,2933,tools
BILL-E7CE9652,VEN-010,,,OH-202506-740,paid,2025-06-01,2025-07-01,3222.49,2025-06-18,ach,4890,rent
BILL-638F1B51,VEN-010,,,OH-202506-709,paid,2025-06-05,2025-07-05,2972.06,2025-06-22,check,2054,vehicles
BILL-C91F88FE,VEN-010,,,OH-202506-272,paid,2025-06-28,2025-07-28,1007.16,2025-07-07,ach,5826,vehicles
BILL-E3C00650,VEN-010,,,OH-202506-846,paid,2025-06-15,2025-07-15,396.67,2025-07-01,check,6012,utilities
BILL-57668294,VEN-010,,,OH-202506-946,paid,2025-06-01,2025-07-01,289.91,2025-06-07,ach,1569,software
BILL-C5320A62,VEN-010,,,OH-202506-357,paid,2025-06-10,2025-07-10,1582.28,2025-06-28,check,5869,insurance
BILL-5B9820AF,VEN-010,,,OH-202506-288,paid,2025-06-20,2025-07-20,504.25,2025-07-04,ach,5887,tools
BILL-A0F0934A,VEN-010,,,OH-202507-654,paid,2025-07-01,2025-07-31,3340.68,2025-07-21,check,2653,rent
BILL-640C88F2,VEN-010,,,OH-202507-486,paid,2025-07-05,2025-08-04,2725.04,2025-07-21,ach,3625,vehicles
BILL-B772ADBE,VEN-010,,,OH-202507-752,paid,2025-07-28,2025-08-27,964.76,2025-08-16,check,6535,vehicles
BILL-7C8B51B1,VEN-010,,,OH-202507-891,paid,2025-07-15,2025-08-14,371.34,2025-08-04,check,9780,utilities
BILL-7719C69B,VEN-010,,,OH-202507-577,paid,2025-07-01,2025-07-31,295.01,2025-07-19,check,9033,software
BILL-A1C90CE2,VEN-010,,,OH-202507-768,paid,2025-07-10,2025-08-09,1792.92,2025-07-25,check,5772,insurance
BILL-6AC19331,VEN-010,,,OH-202507-622,paid,2025-07-20,2025-08-19,228.26,2025-07-25,ach,5886,tools
BILL-7284ED49,VEN-010,,,OH-202508-288,paid,2025-08-01,2025-08-31,3220.25,2025-08-21,check,1061,rent
BILL-7D60914E,VEN-010,,,OH-202508-957,paid,2025-08-05,2025-09-04,2961.99,2025-08-15,check,4976,vehicles
BILL-F6608598,VEN-010,,,OH-202508-600,paid,2025-08-28,2025-09-27,1049.03,2025-09-05,check,3507,vehicles
BILL-B92165B7,VEN-010,,,OH-202508-403,paid,2025-08-15,2025-09-14,374.78,2025-09-03,check,8322,utilities
BILL-6AD5B55A,VEN-010,,,OH-202508-147,paid,2025-08-01,2025-08-31,293.06,2025-08-15,ach,7608,software
BILL-51F803A3,VEN-010,,,OH-202508-945,paid,2025-08-10,2025-09-09,1550.65,2025-08-21,check,4715,insurance
BILL-DECE914C,VEN-010,,,OH-202508-331,paid,2025-08-20,2025-09-19,341.91,2025-09-01,ach,1980,tools
BILL-5BF20035,VEN-010,,,OH-202509-189,paid,2025-09-01,2025-10-01,3107.26,2025-09-10,check,5423,rent
BILL-F6180310,VEN-010,,,OH-202509-205,paid,2025-09-05,2025-10-05,2767.87,2025-09-24,check,1507,vehicles
BILL-37025ED4,VEN-010,,,OH-202509-130,paid,2025-09-28,2025-10-28,1098.06,2025-10-16,ach,7729,vehicles
BILL-F75BA43A,VEN-010,,,OH-202509-760,paid,2025-09-15,2025-10-15,378.01,2025-09-24,ach,2820,utilities
BILL-B4DE77D7,VEN-010,,,OH-202509-698,paid,2025-09-01,2025-10-01,287.55,2025-09-08,check,1033,software
BILL-9B4C3F94,VEN-010,,,OH-202509-518,paid,2025-09-10,2025-10-10,1674.57,2025-09-16,check,7778,insurance
BILL-4F23B07A,VEN-010,,,OH-202509-158,paid,2025-09-20,2025-10-20,432.37,2025-10-05,check,7944,tools
BILL-5B179BA8,VEN-010,,,OH-202510-383,paid,2025-10-01,2025-10-31,3145.94,2025-10-18,check,1716,rent
BILL-18C6D4B6,VEN-010,,,OH-202510-850,paid,2025-10-05,2025-11-04,2895.94,2025-10-14,check,2079,vehicles
BILL-3F126EA3,VEN-010,,,OH-202510-267,paid,2025-10-28,2025-11-27,1002.87,2025-11-09,ach,1132,vehicles
BILL-F22CE51D,VEN-010,,,OH-202510-373,paid,2025-10-15,2025-11-14,367.64,2025-11-01,ach,1304,utilities
BILL-6153CDD0,VEN-010,,,OH-202510-944,paid,2025-10-01,2025-10-31,290.19,2025-10-16,ach,6318,software
BILL-9973DCB6,VEN-010,,,OH-202510-134,paid,2025-10-10,2025-11-09,1523.59,2025-10-15,ach,7400,insurance
BILL-8DA1298F,VEN-010,,,OH-202510-985,paid,2025-10-20,2025-11-19,377.08,2025-11-08,check,6957,tools
BILL-4D746001,VEN-010,,,OH-202511-524,paid,2025-11-01,2025-12-01,3041.89,2025-11-19,ach,1709,rent
BILL-F85D3C64,VEN-010,,,OH-202511-478,paid,2025-11-05,2025-12-05,2796.71,2025-11-24,ach,9301,vehicles
BILL-A2BB9812,VEN-010,,,OH-202511-509,paid,2025-11-28,2025-12-28,760.26,2025-12-08,ach,2640,vehicles
BILL-5592DD0D,VEN-010,,,OH-202511-636,paid,2025-11-15,2025-12-15,370.24,2025-12-05,ach,8307,utilities
BILL-B75F9E16,VEN-010,,,OH-202511-218,paid,2025-11-01,2025-12-01,295.17,2025-11-07,check,7596,software
BILL-26A6CBB5,VEN-010,,,OH-202511-878,paid,2025-11-10,2025-12-10,1684.27,2025-11-20,check,9823,insurance
BILL-DC7A93A5,VEN-010,,,OH-202511-889,paid,2025-11-20,2025-12-20,526.37,2025-12-03,check,8067,tools
BILL-A814678F,VEN-010,,,OH-202512-612,paid,2025-12-01,2025-12-31,3181.27,2025-12-21,ach,3450,rent
BILL-6F3A74AC,VEN-010,,,OH-202512-783,paid,2025-12-05,2026-01-04,2821.91,2025-12-19,ach,9620,vehicles
BILL-0426AA9D,VEN-010,,,OH-202512-582,paid,2025-12-28,2026-01-27,1072.08,2026-01-14,ach,5769,vehicles
BILL-CA065FE7,VEN-010,,,OH-202512-251,paid,2025-12-15,2026-01-14,382.46,2025-12-31,check,3950,utilities
BILL-B3458CCC,VEN-010,,,OH-202512-603,paid,2025-12-01,2025-12-31,292.81,2025-12-11,ach,8228,software
BILL-D9CBEE03,VEN-010,,,OH-202512-913,paid,2025-12-10,2026-01-09,1659.54,2025-12-27,ach,7981,insurance
BILL-00338887,VEN-010,,,OH-202512-981,paid,2025-12-20,2026-01-19,386.06,2026-01-03,ach,5514,tools
BILL-BB1C38BD,VEN-010,,,OHE-5087,paid,2024-01-15,2024-02-14,8400,2024-02-02,check,6866,insurance
BILL-63DE9AC9,VEN-010,,,OHE-9284,paid,2025-01-10,2025-02-09,9408,2025-01-20,check,8929,insurance
