line_id,bill_id,project_id,job_id,description,quantity,unit_cost,line_total,category
BLI-8F3D1502,BILL-B7EBAB84,PROJ-30C2FC8F,JOB-5349D80A,Materials materials,1,586.24,586.24,material
BLI-B4F279C0,BILL-54BF2085,PROJ-30C2FC8F,JOB-5349D80A,Materials materials,1,341.0,341.0,material
BLI-84978810,BILL-FFF188A9,PROJ-0B34E038,JOB-85651125,Foundation materials,1,1352.61,1352.61,material
BLI-835A188E,BILL-D828CB44,PROJ-0B34E038,JOB-85651125,Foundation materials,1,4030.54,4030.54,material
BLI-47A9600F,BILL-40E17D26,PROJ-0B34E038,JOB-C0C11B60,Framing materials,1,9924.73,9924.73,material
BLI-E72EBC5F,BILL-F4FF9538,PROJ-0B34E038,JOB-5545F1A9,Roofing & Sheathing materials,1,1862.42,1862.42,material
BLI-8AF07012,BILL-15C48928,PROJ-0B34E038,JOB-5545F1A9,Roofing & Sheathing materials,1,1996.1,1996.1,material
BLI-5F0ED84F,BILL-D83833B9,PROJ-0B34E038,JOB-9E273CCF,Windows & Exterior Doors materials,1,1561.4,1561.4,material
BLI-D245A4A2,BILL-452FBC0E,PROJ-0B34E038,JOB-9E273CCF,Windows & Exterior Doors materials,1,2542.31,2542.31,material
BLI-20D4FFBA,BILL-FF665F5A,PROJ-0B34E038,JOB-3A213EEB,Rough Plumbing materials,1,475.55,475.55,material
BLI-84F64A8D,BILL-E28AF6C6,PROJ-0B34E038,JOB-3A213EEB,Rough Plumbing materials,1,576.54,576.54,material
BLI-2D7A8651,BILL-2EEF63C8,PROJ-0B34E038,JOB-3A213EEB,Rough Plumbing — Hartmann Plumbing & Heating mobilization,1,3682.3,3682.3,subcontractor
BLI-53A1D21C,BILL-A520CDB9,PROJ-0B34E038,JOB-91079EC4,Rough Electrical materials,1,1176.72,1176.72,material
BLI-8F192670,BILL-1BF7B74F,PROJ-0B34E038,JOB-91079EC4,Rough Electrical materials,1,142.26,142.26,material
BLI-9386E1DA,BILL-0BC43BCE,PROJ-0B34E038,JOB-91079EC4,Rough Electrical materials,1,185.81,185.81,material
BLI-9B05267A,BILL-43E0D165,PROJ-0B34E038,JOB-91079EC4,Rough Electrical materials,1,102.76,102.76,material
BLI-AF75A5CA,BILL-916BF7A5,PROJ-0B34E038,JOB-91079EC4,Rough Electrical — Apex Electrical Contractors mobilization,1,4286.8,4286.8,subcontractor
BLI-05B0E4EB,BILL-D240B1DD,PROJ-0B34E038,JOB-88053CC0,HVAC — Central PA HVAC mobilization,1,4839.04,4839.04,subcontractor
BLI-A67948FF,BILL-C15E9531,PROJ-0B34E038,JOB-9A84E172,Insulation materials,1,891.82,891.82,material
BLI-4E2DE5E9,BILL-768357B4,PROJ-0B34E038,JOB-9A84E172,Insulation materials,1,659.61,659.61,material
BLI-96837BCE,BILL-F8569602,PROJ-0B34E038,JOB-49E979A2,Drywall materials,1,666.72,666.72,material
BLI-0F45F3C5,BILL-0B2B460D,PROJ-0B34E038,JOB-49E979A2,Drywall materials,1,1822.39,1822.39,material
BLI-0CEEC8A8,BILL-5CBF1EC7,PROJ-0B34E038,JOB-BF557810,Paint materials,1,356.75,356.75,material
BLI-120BF19A,BILL-C93DD81C,PROJ-0B34E038,JOB-BF557810,Paint materials,1,675.44,675.44,material
BLI-BA705E43,BILL-AD7FA653,PROJ-0B34E038,JOB-BF557810,Paint materials,1,104.9,104.9,material
BLI-CB0489CD,BILL-50D5E87D,PROJ-0B34E038,JOB-3FF1C062,Trim & Finish Carpentry materials,1,2540.32,2540.32,material
BLI-D413C66E,BILL-5F70C2FC,PROJ-0B34E038,JOB-EE9D38E9,Flooring materials,1,2556.25,2556.25,material
BLI-88C07FAA,BILL-86B0D973,PROJ-0B34E038,JOB-EE9D38E9,Flooring materials,1,1205.24,1205.24,material
BLI-B24EE773,BILL-BE3E619E,PROJ-B719F4A7,JOB-36C16ACF,Rough Plumbing materials,1,781.42,781.42,material
BLI-9A4852B0,BILL-B63E0583,PROJ-B719F4A7,JOB-36C16ACF,Rough Plumbing materials,1,26.12,26.12,material
BLI-CF47570A,BILL-92CB1732,PROJ-B719F4A7,JOB-36C16ACF,Rough Plumbing — Hartmann Plumbing & Heating mobilization,1,1453.58,1453.58,subcontractor
BLI-A7C4E4BA,BILL-EF953E0B,PROJ-B719F4A7,JOB-36C16ACF,Rough Plumbing — Hartmann Plumbing & Heating final invoice,1,1453.58,1453.58,subcontractor
BLI-DE2B1EFB,BILL-34F04603,PROJ-B719F4A7,JOB-5A6AB906,Rough Electrical materials,1,303.16,303.16,material
BLI-B9228430,BILL-F47CEAC9,PROJ-B719F4A7,JOB-5A6AB906,Rough Electrical — Apex Electrical Contractors mobilization,1,1212.66,1212.66,subcontractor
BLI-0061EDA7,BILL-CFD08A19,PROJ-B719F4A7,JOB-97F4653A,Cement Board & Waterproofing materials,1,743.52,743.52,material
BLI-752A827F,BILL-E5EC6090,PROJ-B719F4A7,JOB-62FE6B1A,Tile & Shower materials,1,994.89,994.89,material
BLI-C34E4F7C,BILL-9315E26C,PROJ-B719F4A7,JOB-62FE6B1A,Tile & Shower materials,1,692.4,692.4,material
BLI-CEF470CC,BILL-6EE97AC7,PROJ-B719F4A7,JOB-62FE6B1A,Tile & Shower — Pro Tile & Stone mobilization,1,2109.11,2109.11,subcontractor
BLI-4526F637,BILL-7204923D,PROJ-B719F4A7,JOB-62FE6B1A,Tile & Shower — Pro Tile & Stone final invoice,1,2109.11,2109.11,subcontractor
BLI-3B1D1516,BILL-977F5ADB,PROJ-B719F4A7,JOB-41A8643C,Vanity & Fixtures materials,1,1599.83,1599.83,material
BLI-4547A029,BILL-90C282D8,PROJ-B719F4A7,JOB-41A8643C,Vanity & Fixtures materials,1,574.21,574.21,material
BLI-0DBBB124,BILL-AF5CAA82,PROJ-B719F4A7,JOB-41A8643C,Vanity & Fixtures materials,1,136.66,136.66,material
BLI-1E35CC69,BILL-861C21AE,PROJ-B719F4A7,JOB-6372005A,Paint materials,1,428.98,428.98,material
BLI-021B8BEA,BILL-275A5146,PROJ-548ABFA2,JOB-0EC90060,Rough Plumbing materials,1,516.52,516.52,material
BLI-22DED46F,BILL-AAA742E2,PROJ-548ABFA2,JOB-0EC90060,Rough Plumbing materials,1,552.58,552.58,material
BLI-EF4EA245,BILL-654D5305,PROJ-548ABFA2,JOB-0EC90060,Rough Plumbing materials,1,168.9,168.9,material
BLI-E1A3DE1E,BILL-76B6C186,PROJ-548ABFA2,JOB-0EC90060,Rough Plumbing — Hartmann Plumbing & Heating mobilization,1,2228.39,2228.39,subcontractor
BLI-F1757DCF,BILL-0E2724E7,PROJ-548ABFA2,JOB-0EC90060,Rough Plumbing — Hartmann Plumbing & Heating final invoice,1,2228.39,2228.39,subcontractor
BLI-CF944690,BILL-B531C7CA,PROJ-548ABFA2,JOB-FA4CCD21,Rough Electrical materials,1,495.32,495.32,material
BLI-8B3EF6A1,BILL-67B15DB3,PROJ-548ABFA2,JOB-FA4CCD21,Rough Electrical materials,1,158.27,158.27,material
BLI-1B19291D,BILL-9983E9AD,PROJ-548ABFA2,JOB-FA4CCD21,Rough Electrical — Apex Electrical Contractors mobilization,1,2614.33,2614.33,subcontractor
BLI-CEE30297,BILL-A86AD984,PROJ-548ABFA2,JOB-F351835C,Cement Board & Waterproofing materials,1,1243.97,1243.97,material
BLI-32D0ACDC,BILL-E2FF2C61,PROJ-548ABFA2,JOB-1976FFF2,Tile & Shower materials,1,2285.58,2285.58,material
BLI-5DB82AD9,BILL-D3D9EE3D,PROJ-548ABFA2,JOB-1976FFF2,Tile & Shower — Pro Tile & Stone mobilization,1,5713.96,5713.96,subcontractor
BLI-15D714F1,BILL-A1C9E953,PROJ-548ABFA2,JOB-2F5E40F0,Vanity & Fixtures materials,1,593.72,593.72,material
BLI-A03AC790,BILL-7471CCD7,PROJ-548ABFA2,JOB-2F5E40F0,Vanity & Fixtures materials,1,2248.93,2248.93,material
BLI-1250F797,BILL-9251EC25,PROJ-548ABFA2,JOB-2846BD2C,Paint materials,1,516.1,516.1,material
BLI-956E6FF6,BILL-C667FFC8,PROJ-2BD4EB76,JOB-E08B1E66,Materials materials,1,339.49,339.49,material
BLI-17AA6F9A,BILL-4CF6B146,PROJ-2BD4EB76,JOB-E08B1E66,Materials materials,1,368.11,368.11,material
BLI-921E6C49,BILL-DE780FFF,PROJ-B7191EAB,JOB-CB0E68C5,Materials materials,1,327.15,327.15,material
BLI-013F1DAB,BILL-802785CF,PROJ-B7191EAB,JOB-CB0E68C5,Materials materials,1,422.49,422.49,material
BLI-FA2D15FB,BILL-0A7736C3,PROJ-8BF7C356,JOB-D091D386,Materials materials,1,547.0,547.0,material
BLI-5BC6E145,BILL-8C41F6F2,PROJ-8BF7C356,JOB-D091D386,Materials materials,1,82.9,82.9,material
BLI-E24DF4E2,BILL-F5646689,PROJ-0A179D7B,JOB-7311C2EE,Site Work & Excavation materials,1,2150.44,2150.44,material
BLI-31364CCA,BILL-7E10F38E,PROJ-0A179D7B,JOB-7311C2EE,Site Work & Excavation materials,1,349.27,349.27,material
BLI-3A7162BB,BILL-8031E90E,PROJ-0A179D7B,JOB-7311C2EE,Site Work & Excavation materials,1,5179.97,5179.97,material
BLI-A79F0F43,BILL-7C4C5F12,PROJ-0A179D7B,JOB-D5874033,Foundation materials,1,19500.09,19500.09,material
BLI-C6827648,BILL-A10D8091,PROJ-0A179D7B,JOB-D5874033,Foundation materials,1,1757.39,1757.39,material
BLI-FEF937EE,BILL-409A774C,PROJ-0A179D7B,JOB-D5874033,Foundation materials,1,9979.72,9979.72,material
BLI-83066F09,BILL-C2A73068,PROJ-0A179D7B,JOB-D5874033,Foundation materials,1,2396.99,2396.99,material
BLI-2420333A,BILL-436EBB38,PROJ-0A179D7B,JOB-323C92EC,Framing materials,1,68704.36,68704.36,material
BLI-95A6F7EE,BILL-5D0DF823,PROJ-0A179D7B,JOB-971F23AD,Roofing materials,1,15031.51,15031.51,material
BLI-BDFF5780,BILL-8FAD5FAA,PROJ-0A179D7B,JOB-971F23AD,Roofing materials,1,8542.16,8542.16,material
BLI-1A9790A0,BILL-BB6672D8,PROJ-0A179D7B,JOB-09087C50,Windows & Exterior Doors materials,1,2171.67,2171.67,material
BLI-135CDF86,BILL-A0707429,PROJ-0A179D7B,JOB-09087C50,Windows & Exterior Doors materials,1,29290.56,29290.56,material
BLI-991DB517,BILL-4445FD85,PROJ-0A179D7B,JOB-97BFA197,Rough Plumbing materials,1,8066.69,8066.69,material
BLI-A9D84F25,BILL-5BDF4AA6,PROJ-0A179D7B,JOB-97BFA197,Rough Plumbing — Hartmann Plumbing & Heating mobilization,1,28233.42,28233.42,subcontractor
BLI-79799F76,BILL-64275B03,PROJ-0A179D7B,JOB-3C4B3AC2,Rough Electrical materials,1,10458.65,10458.65,material
BLI-E31328DE,BILL-8413991C,PROJ-0A179D7B,JOB-3C4B3AC2,Rough Electrical — Apex Electrical Contractors mobilization,1,12201.75,12201.75,subcontractor
BLI-985B1BD4,BILL-42EE8B02,PROJ-0A179D7B,JOB-3C4B3AC2,Rough Electrical — Apex Electrical Contractors final invoice,1,12201.75,12201.75,subcontractor
BLI-4F4C1DF2,BILL-B19B81DF,PROJ-0A179D7B,JOB-AD062504,HVAC — Central PA HVAC mobilization,1,28072.11,28072.11,subcontractor
BLI-07CD75E7,BILL-80C14651,PROJ-0A179D7B,JOB-A62ADF37,Insulation materials,1,5545.62,5545.62,material
BLI-772E1CC8,BILL-0EEE52C2,PROJ-0A179D7B,JOB-A62ADF37,Insulation materials,1,7050.52,7050.52,material
BLI-DD8011FC,BILL-2D607324,PROJ-0A179D7B,JOB-9DAE6C0D,Exterior Siding & Trim materials,1,28743.99,28743.99,material
BLI-156B4514,BILL-49791BD5,PROJ-0A179D7B,JOB-8A79808B,Drywall materials,1,888.87,888.87,material
BLI-1C98ED68,BILL-09B37E3C,PROJ-0A179D7B,JOB-8A79808B,Drywall materials,1,1692.61,1692.61,material
BLI-19FFDB28,BILL-81852225,PROJ-0A179D7B,JOB-8A79808B,Drywall materials,1,7944.88,7944.88,material
BLI-1266573D,BILL-0BEC3199,PROJ-0A179D7B,JOB-040A26A4,Paint - Interior & Exterior materials,1,1226.76,1226.76,material
BLI-179F9103,BILL-3F2DE69B,PROJ-0A179D7B,JOB-040A26A4,Paint - Interior & Exterior materials,1,3975.75,3975.75,material
BLI-29DCCA4A,BILL-14B1B2A5,PROJ-0A179D7B,JOB-040A26A4,Paint - Interior & Exterior materials,1,4586.63,4586.63,material
BLI-4DAD1EEA,BILL-3C78E9C3,PROJ-0A179D7B,JOB-2294F375,Cabinets materials,1,1500.04,1500.04,material
BLI-5F7B4829,BILL-E9184FE9,PROJ-0A179D7B,JOB-2294F375,Cabinets materials,1,9114.37,9114.37,material
BLI-55196565,BILL-92FAE9CF,PROJ-0A179D7B,JOB-2294F375,Cabinets materials,1,9578.18,9578.18,material
BLI-4224139C,BILL-0D364E81,PROJ-0A179D7B,JOB-0F277CE8,Countertops — Pinnacle Countertop Studio mobilization,1,9075.59,9075.59,subcontractor
BLI-2EA2D8A4,BILL-FCAB938B,PROJ-0A179D7B,JOB-0F277CE8,Countertops — Pinnacle Countertop Studio final invoice,1,9075.59,9075.59,subcontractor
BLI-A1AD48F9,BILL-E45A783C,PROJ-0A179D7B,JOB-CEAE0D11,Flooring materials,1,4767.95,4767.95,material
BLI-B2D0297B,BILL-5E190012,PROJ-0A179D7B,JOB-CEAE0D11,Flooring materials,1,17742.6,17742.6,material
BLI-6292504D,BILL-DCFCFF08,PROJ-0A179D7B,JOB-CEAE0D11,Flooring materials,1,1359.25,1359.25,material
BLI-CEB55F24,BILL-F1953006,PROJ-0A179D7B,JOB-DC36861A,Finish Carpentry & Trim materials,1,3605.15,3605.15,material
BLI-65B2A563,BILL-20CA3354,PROJ-0A179D7B,JOB-DC36861A,Finish Carpentry & Trim materials,1,1754.76,1754.76,material
BLI-CD0ABF85,BILL-8FA14B1F,PROJ-0A179D7B,JOB-DC36861A,Finish Carpentry & Trim materials,1,188.94,188.94,material
BLI-1B593DE5,BILL-B2953F22,PROJ-0A179D7B,JOB-DC36861A,Finish Carpentry & Trim materials,1,5599.72,5599.72,material
BLI-5F406AE5,BILL-7906B8EF,PROJ-0A179D7B,JOB-B23C196D,Fixtures & Appliances materials,1,21951.71,21951.71,material
BLI-B8A64B09,BILL-56F15D12,PROJ-0A179D7B,JOB-8A3D52C7,Final Grade & Landscaping materials,1,1399.45,1399.45,material
BLI-15E4233A,BILL-19335582,PROJ-0A179D7B,JOB-8A3D52C7,Final Grade & Landscaping materials,1,2177.47,2177.47,material
BLI-18620144,BILL-FA871309,PROJ-0A179D7B,JOB-8A3D52C7,Final Grade & Landscaping materials,1,4262.45,4262.45,material
BLI-30D807F0,BILL-F32FF8FD,PROJ-0A179D7B,JOB-8A3D52C7,Final Grade & Landscaping materials,1,58.68,58.68,material
BLI-205A4352,BILL-89FB8CE4,PROJ-A0479F56,JOB-3C88685E,Rough Plumbing materials,1,992.48,992.48,material
BLI-8BF63426,BILL-1853F1B1,PROJ-A0479F56,JOB-3C88685E,Rough Plumbing materials,1,3129.93,3129.93,material
BLI-961B3A4A,BILL-3AA82FB4,PROJ-A0479F56,JOB-3C88685E,Rough Plumbing — Hartmann Plumbing & Heating mobilization,1,6183.61,6183.61,subcontractor
BLI-50833EB9,BILL-BAE9BB46,PROJ-A0479F56,JOB-3C88685E,Rough Plumbing — Hartmann Plumbing & Heating final invoice,1,6183.61,6183.61,subcontractor
BLI-2ACE13F4,BILL-F1824A57,PROJ-A0479F56,JOB-DD615D3A,Rough Electrical materials,1,582.44,582.44,material
BLI-F4DC0D16,BILL-B4B130EC,PROJ-A0479F56,JOB-DD615D3A,Rough Electrical materials,1,1208.47,1208.47,material
BLI-465D5D5B,BILL-26F0BBA8,PROJ-A0479F56,JOB-DD615D3A,Rough Electrical materials,1,1342.1,1342.1,material
BLI-A3785CF3,BILL-CD619577,PROJ-A0479F56,JOB-DD615D3A,Rough Electrical — Apex Electrical Contractors mobilization,1,5221.68,5221.68,subcontractor
BLI-3DAD79D9,BILL-5EDCE7FE,PROJ-A0479F56,JOB-DD615D3A,Rough Electrical — Apex Electrical Contractors final invoice,1,5221.68,5221.68,subcontractor
BLI-E9D08A1D,BILL-49FC8F3F,PROJ-A0479F56,JOB-DA9057E5,Insulation materials,1,539.53,539.53,material
BLI-1C817C73,BILL-4ED0475D,PROJ-A0479F56,JOB-DA9057E5,Insulation materials,1,1639.56,1639.56,material
BLI-9A78BEAA,BILL-BB461A9A,PROJ-A0479F56,JOB-4DE0C7AA,Drywall materials,1,1053.78,1053.78,material
BLI-31370159,BILL-B37EF0B9,PROJ-A0479F56,JOB-4DE0C7AA,Drywall materials,1,1805.86,1805.86,material
BLI-A98FA40B,BILL-9787FA01,PROJ-A0479F56,JOB-4DE0C7AA,Drywall materials,1,518.27,518.27,material
BLI-0A997A61,BILL-6FDF53DE,PROJ-A0479F56,JOB-4DE0C7AA,Drywall materials,1,778.48,778.48,material
BLI-F0CEE55F,BILL-6C3BEA14,PROJ-A0479F56,JOB-D9E15C82,Cabinet Installation materials,1,12128.66,12128.66,material
BLI-7A5149E6,BILL-D843C0E5,PROJ-A0479F56,JOB-D9E15C82,Cabinet Installation materials,1,718.96,718.96,material
BLI-A542C738,BILL-C1C4A8C3,PROJ-A0479F56,JOB-D9E15C82,Cabinet Installation materials,1,2353.37,2353.37,material
BLI-23CA2007,BILL-0AFF7A7B,PROJ-A0479F56,JOB-7E1455A4,Countertops — Pinnacle Countertop Studio mobilization,1,5165.67,5165.67,subcontractor
BLI-05EF286C,BILL-BAB003F2,PROJ-A0479F56,JOB-7E1455A4,Countertops — Pinnacle Countertop Studio final invoice,1,5165.67,5165.67,subcontractor
BLI-02486F79,BILL-60081E3C,PROJ-A0479F56,JOB-7B08A3A3,Tile Work materials,1,1762.47,1762.47,material
BLI-0EF58765,BILL-A01503F4,PROJ-A0479F56,JOB-7B08A3A3,Tile Work materials,1,1223.06,1223.06,material
BLI-3ADC18B2,BILL-F247C00A,PROJ-A0479F56,JOB-7B08A3A3,Tile Work — Pro Tile & Stone mobilization,1,7961.4,7961.4,subcontractor
BLI-5B961A90,BILL-5B29B8C9,PROJ-A0479F56,JOB-234CC586,Paint materials,1,352.82,352.82,material
BLI-ACC83132,BILL-3F185DBB,PROJ-A0479F56,JOB-234CC586,Paint materials,1,284.1,284.1,material
BLI-490D61E7,BILL-550CE6F4,PROJ-A0479F56,JOB-234CC586,Paint materials,1,636.2,636.2,material
BLI-59EBB7E9,BILL-53D535F5,PROJ-A0479F56,JOB-234CC586,Paint materials,1,598.53,598.53,material
BLI-0B712120,BILL-FEB5EAE4,PROJ-A0479F56,JOB-547CC192,Finish Carpentry & Trim materials,1,512.62,512.62,material
BLI-E3679DF5,BILL-50CFD04B,PROJ-A0479F56,JOB-547CC192,Finish Carpentry & Trim materials,1,1878.26,1878.26,material
BLI-09F9A9E9,BILL-5B94285B,PROJ-A0479F56,JOB-54487851,Fixtures & Appliances materials,1,11289.96,11289.96,material
BLI-A8FAB733,BILL-6228462D,PROJ-B781EA5C,JOB-9E1A45E0,Rough Plumbing materials,1,2235.99,2235.99,material
BLI-F4643459,BILL-BABDD474,PROJ-B781EA5C,JOB-9E1A45E0,Rough Plumbing materials,1,135.91,135.91,material
BLI-A91BA313,BILL-A82D1262,PROJ-B781EA5C,JOB-9E1A45E0,Rough Plumbing materials,1,612.99,612.99,material
BLI-D7EA5104,BILL-D979CDA3,PROJ-B781EA5C,JOB-9E1A45E0,Rough Plumbing materials,1,680.91,680.91,material
BLI-BD5C297F,BILL-3FA6C6F2,PROJ-B781EA5C,JOB-9E1A45E0,Rough Plumbing — Hartmann Plumbing & Heating mobilization,1,5498.7,5498.7,subcontractor
BLI-DDF459A4,BILL-32FADFA0,PROJ-B781EA5C,JOB-9E1A45E0,Rough Plumbing — Hartmann Plumbing & Heating final invoice,1,5498.7,5498.7,subcontractor
BLI-94F3FA6E,BILL-833750EF,PROJ-B781EA5C,JOB-0AC5C348,Rough Electrical materials,1,2943.41,2943.41,material
BLI-A52A45CF,BILL-D5625500,PROJ-B781EA5C,JOB-0AC5C348,Rough Electrical — Apex Electrical Contractors mobilization,1,9811.39,9811.39,subcontractor
BLI-42FC89CF,BILL-6A930F41,PROJ-B781EA5C,JOB-8E692462,Insulation materials,1,806.84,806.84,material
BLI-CAD3FEB3,BILL-6CCA5A3A,PROJ-B781EA5C,JOB-8E692462,Insulation materials,1,224.1,224.1,material
BLI-5312A06F,BILL-E314194C,PROJ-B781EA5C,JOB-8E692462,Insulation materials,1,366.21,366.21,material
BLI-57881C6B,BILL-F9EC748B,PROJ-B781EA5C,JOB-8E692462,Insulation materials,1,66.65,66.65,material
BLI-84428D31,BILL-E67B58AD,PROJ-B781EA5C,JOB-19F86F16,Drywall materials,1,2153.94,2153.94,material
BLI-8890FFEC,BILL-996F9695,PROJ-B781EA5C,JOB-19F86F16,Drywall materials,1,234.64,234.64,material
BLI-420DFD4C,BILL-53359784,PROJ-B781EA5C,JOB-19F86F16,Drywall materials,1,993.53,993.53,material
BLI-F886ED86,BILL-025AF2BE,PROJ-B781EA5C,JOB-19F86F16,Drywall materials,1,132.73,132.73,material
BLI-E0592BC8,BILL-76D7D366,PROJ-B781EA5C,JOB-BEF75890,Cabinet Installation materials,1,8892.85,8892.85,material
BLI-98F616C0,BILL-282D3ABE,PROJ-B781EA5C,JOB-BEF75890,Cabinet Installation materials,1,4253.61,4253.61,material
BLI-99A54497,BILL-C027F2CE,PROJ-B781EA5C,JOB-BEF75890,Cabinet Installation materials,1,2141.65,2141.65,material
BLI-E558DE66,BILL-4BA356FA,PROJ-B781EA5C,JOB-BEF75890,Cabinet Installation materials,1,1104.95,1104.95,material
BLI-CE8BF620,BILL-0E6195C1,PROJ-B781EA5C,JOB-C5D2CB56,Countertops — Pinnacle Countertop Studio mobilization,1,5627.05,5627.05,subcontractor
BLI-3A292EF2,BILL-E1A02E6D,PROJ-B781EA5C,JOB-C5D2CB56,Countertops — Pinnacle Countertop Studio final invoice,1,5627.05,5627.05,subcontractor
BLI-03C239AA,BILL-9D426C66,PROJ-B781EA5C,JOB-DA1D139E,Tile Work materials,1,495.25,495.25,material
BLI-2D52EC22,BILL-B644D12A,PROJ-B781EA5C,JOB-DA1D139E,Tile Work materials,1,2194.16,2194.16,material
BLI-6FDBA97D,BILL-53A8E111,PROJ-B781EA5C,JOB-DA1D139E,Tile Work — Pro Tile & Stone mobilization,1,3585.89,3585.89,subcontractor
BLI-8F4CC70A,BILL-9B71FC66,PROJ-B781EA5C,JOB-DA1D139E,Tile Work — Pro Tile & Stone final invoice,1,3585.89,3585.89,subcontractor
BLI-480F475A,BILL-24602CCB,PROJ-B781EA5C,JOB-EF2EB86B,Paint materials,1,866.51,866.51,material
BLI-D4702579,BILL-455E200E,PROJ-B781EA5C,JOB-EF2EB86B,Paint materials,1,855.71,855.71,material
BLI-F41C9378,BILL-F9EBA867,PROJ-B781EA5C,JOB-EF2EB86B,Paint materials,1,135.27,135.27,material
BLI-BEE24786,BILL-7605B9E3,PROJ-B781EA5C,JOB-D027EB2E,Finish Carpentry & Trim materials,1,340.72,340.72,material
BLI-97EF1199,BILL-7EC3ACCA,PROJ-B781EA5C,JOB-D027EB2E,Finish Carpentry & Trim materials,1,2056.67,2056.67,material
BLI-5B920066,BILL-74C7A9DE,PROJ-B781EA5C,JOB-D027EB2E,Finish Carpentry & Trim materials,1,186.92,186.92,material
BLI-620AD100,BILL-2B8B8449,PROJ-B781EA5C,JOB-2FF48633,Fixtures & Appliances materials,1,521.86,521.86,material
BLI-30697DB0,BILL-08EE669A,PROJ-B781EA5C,JOB-2FF48633,Fixtures & Appliances materials,1,3026.91,3026.91,material
BLI-41F2332B,BILL-0CF7B2C0,PROJ-B781EA5C,JOB-2FF48633,Fixtures & Appliances materials,1,3653.53,3653.53,material
BLI-591CB887,BILL-4D6C480C,PROJ-B781EA5C,JOB-2FF48633,Fixtures & Appliances materials,1,2025.7,2025.7,material
BLI-C5AEDEAB,BILL-BD3674FD,PROJ-921F52BF,JOB-B7BE40C1,Materials materials,1,243.04,243.04,material
BLI-45649CCD,BILL-3B25066D,PROJ-921F52BF,JOB-B7BE40C1,Materials materials,1,125.23,125.23,material
BLI-38FCB624,BILL-722FFD3C,PROJ-921F52BF,JOB-B7BE40C1,Materials materials,1,107.42,107.42,material
BLI-FB239E8B,BILL-897F4EBA,PROJ-921F52BF,JOB-B7BE40C1,Materials materials,1,38.91,38.91,material
BLI-AA262A7A,BILL-BC558BB8,PROJ-21938DC6,JOB-A2A08A34,Rough Plumbing materials,1,2391.0,2391.0,material
BLI-D1575F4B,BILL-49819538,PROJ-21938DC6,JOB-A2A08A34,Rough Plumbing — Hartmann Plumbing & Heating mobilization,1,3586.5,3586.5,subcontractor
BLI-97B8B07F,BILL-C823FD18,PROJ-21938DC6,JOB-A2A08A34,Rough Plumbing — Hartmann Plumbing & Heating final invoice,1,3586.5,3586.5,subcontractor
BLI-3B70BC1F,BILL-3F949101,PROJ-21938DC6,JOB-FE41FE13,Rough Electrical materials,1,1428.46,1428.46,material
BLI-7F0D6299,BILL-CA1CEB88,PROJ-21938DC6,JOB-FE41FE13,Rough Electrical materials,1,431.73,431.73,material
BLI-4FF2A4D4,BILL-74E94B38,PROJ-21938DC6,JOB-FE41FE13,Rough Electrical — Apex Electrical Contractors mobilization,1,3100.31,3100.31,subcontractor
BLI-620841F4,BILL-1B584635,PROJ-21938DC6,JOB-FE41FE13,Rough Electrical — Apex Electrical Contractors final invoice,1,3100.31,3100.31,subcontractor
BLI-CB3601DF,BILL-F3ADE4C0,PROJ-21938DC6,JOB-CEEA1F5E,Insulation materials,1,912.73,912.73,material
BLI-DEDA6567,BILL-E2847B04,PROJ-21938DC6,JOB-CEEA1F5E,Insulation materials,1,168.41,168.41,material
BLI-DBF39A11,BILL-4A740844,PROJ-21938DC6,JOB-CEEA1F5E,Insulation materials,1,163.08,163.08,material
BLI-1134D593,BILL-A79C0482,PROJ-21938DC6,JOB-230B8F88,Drywall materials,1,1342.89,1342.89,material
BLI-5661BC92,BILL-3AB323D5,PROJ-21938DC6,JOB-230B8F88,Drywall materials,1,686.61,686.61,material
BLI-7CEA899D,BILL-D938E2CD,PROJ-21938DC6,JOB-230B8F88,Drywall materials,1,89.1,89.1,material
BLI-63164DDF,BILL-11159774,PROJ-21938DC6,JOB-953309AC,Cabinet Installation materials,1,8858.39,8858.39,material
BLI-F33BDB17,BILL-12178AD2,PROJ-21938DC6,JOB-953309AC,Cabinet Installation materials,1,268.06,268.06,material
BLI-21B02064,BILL-6130C40D,PROJ-21938DC6,JOB-C91118A5,Countertops — Pinnacle Countertop Studio mobilization,1,3608.06,3608.06,subcontractor
BLI-AAE312BF,BILL-AA18B40C,PROJ-21938DC6,JOB-C91118A5,Countertops — Pinnacle Countertop Studio final invoice,1,3608.06,3608.06,subcontractor
BLI-A7EE98AC,BILL-42B73EF5,PROJ-21938DC6,JOB-3E7A9232,Tile Work materials,1,242.44,242.44,material
BLI-60CF702F,BILL-8F66FD28,PROJ-21938DC6,JOB-3E7A9232,Tile Work materials,1,617.51,617.51,material
BLI-1691B609,BILL-7B1386A7,PROJ-21938DC6,JOB-3E7A9232,Tile Work materials,1,705.38,705.38,material
BLI-39158A3C,BILL-D6C607C0,PROJ-21938DC6,JOB-3E7A9232,Tile Work materials,1,20.61,20.61,material
BLI-5B3BC5E3,BILL-FD4754C3,PROJ-21938DC6,JOB-3E7A9232,Tile Work — Pro Tile & Stone mobilization,1,4229.16,4229.16,subcontractor
BLI-C1D5F64B,BILL-4FB0B1DC,PROJ-21938DC6,JOB-1CECCCEF,Paint materials,1,32.0,32.0,material
BLI-32B92099,BILL-B76D2D88,PROJ-21938DC6,JOB-1CECCCEF,Paint materials,1,93.53,93.53,material
BLI-DAA76A07,BILL-97E7136D,PROJ-21938DC6,JOB-1CECCCEF,Paint materials,1,964.34,964.34,material
BLI-AF2D4080,BILL-090B2584,PROJ-21938DC6,JOB-1CECCCEF,Paint materials,1,36.57,36.57,material
BLI-AEEFAE25,BILL-030409D5,PROJ-21938DC6,JOB-9050E8E0,Finish Carpentry & Trim materials,1,1327.42,1327.42,material
BLI-F286B0AE,BILL-5FC0F5DE,PROJ-21938DC6,JOB-9050E8E0,Finish Carpentry & Trim materials,1,326.76,326.76,material
BLI-FD5A6DB4,BILL-2726C5D5,PROJ-21938DC6,JOB-35A3D9BF,Fixtures & Appliances materials,1,2908.45,2908.45,material
BLI-A7F1F39A,BILL-48FE9D1D,PROJ-21938DC6,JOB-35A3D9BF,Fixtures & Appliances materials,1,3004.53,3004.53,material
BLI-74104180,BILL-54C1A194,PROJ-32E69088,JOB-373B646E,Materials materials,1,736.69,736.69,material
BLI-BEFC68D4,BILL-071A266F,PROJ-CB16FC8A,JOB-73FA9969,Rough Plumbing materials,1,827.04,827.04,material
BLI-836421A6,BILL-3BC9B19B,PROJ-CB16FC8A,JOB-73FA9969,Rough Plumbing — Hartmann Plumbing & Heating mobilization,1,1488.67,1488.67,subcontractor
BLI-2BE6746F,BILL-2B75520F,PROJ-CB16FC8A,JOB-73FA9969,Rough Plumbing — Hartmann Plumbing & Heating final invoice,1,1488.67,1488.67,subcontractor
BLI-33011388,BILL-5B688692,PROJ-CB16FC8A,JOB-57FAAF43,Rough Electrical materials,1,392.92,392.92,material
BLI-D4896E89,BILL-EA2F7B80,PROJ-CB16FC8A,JOB-57FAAF43,Rough Electrical — Apex Electrical Contractors mobilization,1,785.84,785.84,subcontractor
BLI-3DD99276,BILL-E9AE9BEC,PROJ-CB16FC8A,JOB-57FAAF43,Rough Electrical — Apex Electrical Contractors final invoice,1,785.84,785.84,subcontractor
BLI-E5FA566E,BILL-8A06797D,PROJ-CB16FC8A,JOB-196B0B8C,Cement Board & Waterproofing materials,1,13.17,13.17,material
BLI-1D66A42D,BILL-9EA988BB,PROJ-CB16FC8A,JOB-196B0B8C,Cement Board & Waterproofing materials,1,128.46,128.46,material
BLI-80DFD024,BILL-E6B83F4B,PROJ-CB16FC8A,JOB-196B0B8C,Cement Board & Waterproofing materials,1,708.28,708.28,material
BLI-2569ADC4,BILL-88D43D0F,PROJ-CB16FC8A,JOB-A5D5B5F9,Tile & Shower materials,1,285.89,285.89,material
BLI-179FD7D6,BILL-7A36AC6E,PROJ-CB16FC8A,JOB-A5D5B5F9,Tile & Shower materials,1,287.8,287.8,material
BLI-217A3819,BILL-93341579,PROJ-CB16FC8A,JOB-A5D5B5F9,Tile & Shower materials,1,782.88,782.88,material
BLI-5293F890,BILL-2C45B9AA,PROJ-CB16FC8A,JOB-A5D5B5F9,Tile & Shower — Pro Tile & Stone mobilization,1,1695.72,1695.72,subcontractor
BLI-5C5AE302,BILL-AA2A7A4E,PROJ-CB16FC8A,JOB-A5D5B5F9,Tile & Shower — Pro Tile & Stone final invoice,1,1695.72,1695.72,subcontractor
BLI-A3825D3A,BILL-D60404E3,PROJ-CB16FC8A,JOB-529B1FF7,Vanity & Fixtures materials,1,79.72,79.72,material
BLI-95546ABE,BILL-63D024F9,PROJ-CB16FC8A,JOB-529B1FF7,Vanity & Fixtures materials,1,60.57,60.57,material
BLI-28778932,BILL-6272E1F5,PROJ-CB16FC8A,JOB-529B1FF7,Vanity & Fixtures materials,1,1772.38,1772.38,material
BLI-2C5A8BF0,BILL-8B9E0280,PROJ-CB16FC8A,JOB-529B1FF7,Vanity & Fixtures materials,1,900.23,900.23,material
BLI-2AF1ED13,BILL-1AF2C885,PROJ-CB16FC8A,JOB-CFD9981B,Paint materials,1,266.31,266.31,material
BLI-F426A2A7,BILL-A3ACFB9D,PROJ-CB16FC8A,JOB-CFD9981B,Paint materials,1,22.95,22.95,material
BLI-F525BDA8,BILL-1DEA386E,PROJ-CB16FC8A,JOB-CFD9981B,Paint materials,1,124.75,124.75,material
BLI-08A49B3C,BILL-EE7A38B3,PROJ-CB16FC8A,JOB-CFD9981B,Paint materials,1,38.52,38.52,material
BLI-071E3EE5,BILL-272215F7,PROJ-87ABD382,JOB-84E4CE46,Footings & Posts materials,1,2492.14,2492.14,material
BLI-91B94A3A,BILL-CEA6EE90,PROJ-87ABD382,JOB-84E4CE46,Footings & Posts materials,1,162.66,162.66,material
BLI-5C7B4477,BILL-68E2A7DD,PROJ-87ABD382,JOB-84E4CE46,Footings & Posts materials,1,421.87,421.87,material
BLI-52BC9D19,BILL-D47F70A1,PROJ-87ABD382,JOB-84E4CE46,Footings & Posts materials,1,487.71,487.71,material
BLI-920DC776,BILL-8D75835D,PROJ-87ABD382,JOB-9D98038D,Framing & Decking materials,1,7150.41,7150.41,material
BLI-4F1AE7FB,BILL-0B811AF8,PROJ-87ABD382,JOB-9D98038D,Framing & Decking materials,1,1944.38,1944.38,material
BLI-ABE5C805,BILL-C68000F7,PROJ-87ABD382,JOB-9D98038D,Framing & Decking materials,1,253.18,253.18,material
BLI-9768C26F,BILL-4252E28D,PROJ-87ABD382,JOB-9D98038D,Framing & Decking materials,1,256.39,256.39,material
BLI-C7930E92,BILL-3333D594,PROJ-87ABD382,JOB-51FEEE99,Stairs & Railings materials,1,373.65,373.65,material
BLI-67E7A360,BILL-21E2D676,PROJ-87ABD382,JOB-51FEEE99,Stairs & Railings materials,1,1008.37,1008.37,material
BLI-08AA87D6,BILL-602626D8,PROJ-87ABD382,JOB-51FEEE99,Stairs & Railings materials,1,1647.92,1647.92,material
BLI-50B9FBC4,BILL-2CBF86E6,PROJ-87ABD382,JOB-ED7E1833,Finish & Sealing materials,1,527.54,527.54,material
BLI-AC25079F,BILL-DF59CFD8,PROJ-87ABD382,JOB-ED7E1833,Finish & Sealing materials,1,743.45,743.45,material
BLI-44839195,BILL-C9706E38,PROJ-87ABD382,JOB-ED7E1833,Finish & Sealing materials,1,507.58,507.58,material
BLI-1CA0B0CA,BILL-34CE2831,PROJ-6FBC8E65,JOB-1F3CCE00,Materials materials,1,37.79,37.79,material
BLI-CC6B5547,BILL-A122D935,PROJ-6FBC8E65,JOB-1F3CCE00,Materials materials,1,125.73,125.73,material
BLI-4F7527E3,BILL-B24BBF3C,PROJ-6FBC8E65,JOB-1F3CCE00,Materials materials,1,318.25,318.25,material
BLI-344E43D9,BILL-ABA0B5F0,PROJ-7FE51EFE,JOB-75DA6BB6,Site Work & Excavation materials,1,1576.26,1576.26,material
BLI-0FC91394,BILL-9EC7A9D8,PROJ-7FE51EFE,JOB-75DA6BB6,Site Work & Excavation materials,1,7582.31,7582.31,material
BLI-DCFE1E33,BILL-E459F80F,PROJ-7FE51EFE,JOB-75DA6BB6,Site Work & Excavation materials,1,127.1,127.1,material
BLI-1E2FC819,BILL-E5D98D33,PROJ-7FE51EFE,JOB-F763F84B,Foundation materials,1,1405.18,1405.18,material
BLI-C42530A4,BILL-A2A827D9,PROJ-7FE51EFE,JOB-F763F84B,Foundation materials,1,12155.25,12155.25,material
BLI-A005C545,BILL-28656FA0,PROJ-7FE51EFE,JOB-F763F84B,Foundation materials,1,16534.36,16534.36,material
BLI-4BEAD771,BILL-153E3A58,PROJ-7FE51EFE,JOB-4118F954,Framing materials,1,66558.48,66558.48,material
BLI-FE0D7251,BILL-55CAC3A5,PROJ-7FE51EFE,JOB-F4C46713,Roofing materials,1,9445.59,9445.59,material
BLI-E1495EA3,BILL-1804D292,PROJ-7FE51EFE,JOB-F4C46713,Roofing materials,1,725.78,725.78,material
BLI-46ED1A8D,BILL-6B64F520,PROJ-7FE51EFE,JOB-F4C46713,Roofing materials,1,10652.02,10652.02,material
BLI-EFFF4722,BILL-0B758371,PROJ-7FE51EFE,JOB-B7610884,Windows & Exterior Doors materials,1,5487.41,5487.41,material
BLI-F0528B8E,BILL-526DE7C4,PROJ-7FE51EFE,JOB-B7610884,Windows & Exterior Doors materials,1,5550.51,5550.51,material
BLI-C8156B1E,BILL-A8B9700B,PROJ-7FE51EFE,JOB-B7610884,Windows & Exterior Doors materials,1,20899.21,20899.21,material
BLI-1860D0EE,BILL-F1C5B9A3,PROJ-7FE51EFE,JOB-B7610884,Windows & Exterior Doors materials,1,7.25,7.25,material
BLI-C8D1E0B8,BILL-D90F451B,PROJ-7FE51EFE,JOB-D68B60BD,Rough Plumbing materials,1,8501.16,8501.16,material
BLI-938CFE38,BILL-15DC2912,PROJ-7FE51EFE,JOB-D68B60BD,Rough Plumbing — Hartmann Plumbing & Heating mobilization,1,14877.02,14877.02,subcontractor
BLI-6E5687D6,BILL-AFD6754B,PROJ-7FE51EFE,JOB-D68B60BD,Rough Plumbing — Hartmann Plumbing & Heating final invoice,1,14877.02,14877.02,subcontractor
BLI-01EA7E1C,BILL-84DF9811,PROJ-7FE51EFE,JOB-2F77CB21,Rough Electrical materials,1,2730.19,2730.19,material
BLI-3F6B1843,BILL-C5C9F5F2,PROJ-7FE51EFE,JOB-2F77CB21,Rough Electrical materials,1,10229.81,10229.81,material
BLI-F1631E6E,BILL-4369DAE0,PROJ-7FE51EFE,JOB-2F77CB21,Rough Electrical materials,1,2262.18,2262.18,material
BLI-770D60E5,BILL-7737582C,PROJ-7FE51EFE,JOB-2F77CB21,Rough Electrical — Apex Electrical Contractors mobilization,1,17759.21,17759.21,subcontractor
BLI-F08F4A6B,BILL-A64A76C0,PROJ-7FE51EFE,JOB-2F77CB21,Rough Electrical — Apex Electrical Contractors final invoice,1,17759.21,17759.21,subcontractor
BLI-E38B965E,BILL-77EFC4F6,PROJ-7FE51EFE,JOB-D85DAE35,HVAC — Central PA HVAC mobilization,1,15137.03,15137.03,subcontractor
BLI-82BDF33C,BILL-E1C78807,PROJ-7FE51EFE,JOB-D85DAE35,HVAC — Central PA HVAC final invoice,1,15137.03,15137.03,subcontractor
BLI-39E2E47F,BILL-13D8BD64,PROJ-7FE51EFE,JOB-D79A6513,Insulation materials,1,2114.14,2114.14,material
BLI-2DAF81C7,BILL-248E04FC,PROJ-7FE51EFE,JOB-D79A6513,Insulation materials,1,9587.73,9587.73,material
BLI-AB59FA43,BILL-B586EAB1,PROJ-7FE51EFE,JOB-473899AF,Exterior Siding & Trim materials,1,26886.39,26886.39,material
BLI-1D2D6522,BILL-950DBD00,PROJ-7FE51EFE,JOB-8DBCA36C,Drywall materials,1,10851.86,10851.86,material
BLI-2B222C53,BILL-A5A91B03,PROJ-7FE51EFE,JOB-8DBCA36C,Drywall materials,1,1495.59,1495.59,material
BLI-22BFE70F,BILL-1BFECF85,PROJ-7FE51EFE,JOB-8DBCA36C,Drywall materials,1,2270.51,2270.51,material
BLI-D8C0637C,BILL-F7B57201,PROJ-7FE51EFE,JOB-A2DA530E,Paint - Interior & Exterior materials,1,6334.77,6334.77,material
BLI-25EF85FC,BILL-FC022501,PROJ-7FE51EFE,JOB-A2DA530E,Paint - Interior & Exterior materials,1,1102.65,1102.65,material
BLI-94421684,BILL-EE9A3750,PROJ-7FE51EFE,JOB-A2DA530E,Paint - Interior & Exterior materials,1,2456.95,2456.95,material
BLI-F9CF3C3F,BILL-E760FA42,PROJ-7FE51EFE,JOB-91AFCA27,Cabinets materials,1,5098.75,5098.75,material
BLI-1FF54F47,BILL-403E1AFE,PROJ-7FE51EFE,JOB-91AFCA27,Cabinets materials,1,6817.3,6817.3,material
BLI-437BE9F3,BILL-EB7E2D77,PROJ-7FE51EFE,JOB-91AFCA27,Cabinets materials,1,11776.41,11776.41,material
BLI-680B5616,BILL-08B8B18C,PROJ-7FE51EFE,JOB-0AE6C2DA,Countertops — Pinnacle Countertop Studio mobilization,1,18682.0,18682.0,subcontractor
BLI-88CC97ED,BILL-495E6EAA,PROJ-7FE51EFE,JOB-3ED95419,Flooring materials,1,23144.4,23144.4,material
BLI-A38ED140,BILL-10C9CBC8,PROJ-7FE51EFE,JOB-718AF637,Finish Carpentry & Trim materials,1,6243.35,6243.35,material
BLI-9C465BEE,BILL-5375C8BA,PROJ-7FE51EFE,JOB-718AF637,Finish Carpentry & Trim materials,1,4733.5,4733.5,material
BLI-846D74D4,BILL-1DFAD38D,PROJ-7FE51EFE,JOB-718AF637,Finish Carpentry & Trim materials,1,2939.43,2939.43,material
BLI-76BE8B08,BILL-8D8882F8,PROJ-7FE51EFE,JOB-718AF637,Finish Carpentry & Trim materials,1,1218.15,1218.15,material
BLI-0EB4FF5B,BILL-B503368E,PROJ-7FE51EFE,JOB-77342632,Fixtures & Appliances materials,1,15919.95,15919.95,material
BLI-A026C210,BILL-BE127E58,PROJ-7FE51EFE,JOB-77342632,Fixtures & Appliances materials,1,4761.1,4761.1,material
BLI-885C70A3,BILL-6550B0B7,PROJ-7FE51EFE,JOB-F87B71D3,Final Grade & Landscaping materials,1,1315.83,1315.83,material
BLI-CBF60AD6,BILL-2F284B44,PROJ-7FE51EFE,JOB-F87B71D3,Final Grade & Landscaping materials,1,4324.83,4324.83,material
BLI-2AAD5004,BILL-2A1041DD,PROJ-7FE51EFE,JOB-F87B71D3,Final Grade & Landscaping materials,1,4047.14,4047.14,material
BLI-2A7A818E,BILL-D13BF6AE,PROJ-47F55F82,JOB-F517E87B,Materials materials,1,725.17,725.17,material
BLI-8603BDD5,BILL-2F933BA8,PROJ-B57123B8,JOB-BCC03F32,Materials materials,1,88.75,88.75,material
BLI-7005430D,BILL-5736BB62,PROJ-B57123B8,JOB-BCC03F32,Materials materials,1,175.06,175.06,material
BLI-F557997F,BILL-E45A7293,PROJ-B57123B8,JOB-BCC03F32,Materials materials,1,448.89,448.89,material
BLI-A195CCCD,BILL-87B6D53B,PROJ-5B2FD347,JOB-C212EB58,Materials materials,1,100.94,100.94,material
BLI-223B86FC,BILL-1EC3BAE4,PROJ-5B2FD347,JOB-C212EB58,Materials materials,1,159.72,159.72,material
BLI-AEE89681,BILL-CF082E7F,PROJ-5B2FD347,JOB-C212EB58,Materials materials,1,241.51,241.51,material
BLI-19D7014E,BILL-809387EC,PROJ-6924BF0C,JOB-63A49AE9,Rough Plumbing materials,1,196.39,196.39,material
BLI-3E540096,BILL-2C896638,PROJ-6924BF0C,JOB-63A49AE9,Rough Plumbing materials,1,9.63,9.63,material
BLI-4ADCBFC6,BILL-931BDB66,PROJ-6924BF0C,JOB-63A49AE9,Rough Plumbing materials,1,53.16,53.16,material
BLI-7474287E,BILL-026F4157,PROJ-6924BF0C,JOB-63A49AE9,Rough Plumbing materials,1,588.73,588.73,material
BLI-68A0472B,BILL-FBD5A19A,PROJ-6924BF0C,JOB-63A49AE9,Rough Plumbing — Hartmann Plumbing & Heating mobilization,1,3052.48,3052.48,subcontractor
BLI-5C7EE3B1,BILL-6FAA2D52,PROJ-6924BF0C,JOB-8BBE6DAD,Rough Electrical materials,1,280.38,280.38,material
BLI-A6F78340,BILL-04E28D52,PROJ-6924BF0C,JOB-8BBE6DAD,Rough Electrical materials,1,83.18,83.18,material
BLI-1C9541A7,BILL-B285543F,PROJ-6924BF0C,JOB-8BBE6DAD,Rough Electrical — Apex Electrical Contractors mobilization,1,727.12,727.12,subcontractor
BLI-2232F0F8,BILL-A11D833A,PROJ-6924BF0C,JOB-8BBE6DAD,Rough Electrical — Apex Electrical Contractors final invoice,1,727.12,727.12,subcontractor
BLI-2965BF8C,BILL-9F3EAB64,PROJ-6924BF0C,JOB-4BB29965,Cement Board & Waterproofing materials,1,268.98,268.98,material
BLI-C57D1D9C,BILL-8B24B844,PROJ-6924BF0C,JOB-4BB29965,Cement Board & Waterproofing materials,1,8.62,8.62,material
BLI-2CC3FC83,BILL-4B8CAE41,PROJ-6924BF0C,JOB-4BB29965,Cement Board & Waterproofing materials,1,348.88,348.88,material
BLI-574B03F2,BILL-AC53C9D0,PROJ-6924BF0C,JOB-F5671F6F,Tile & Shower materials,1,491.12,491.12,material
BLI-4A4F8FAE,BILL-94E61905,PROJ-6924BF0C,JOB-F5671F6F,Tile & Shower materials,1,954.88,954.88,material
BLI-87BCAA86,BILL-1D3E3F5A,PROJ-6924BF0C,JOB-F5671F6F,Tile & Shower — Pro Tile & Stone mobilization,1,3614.99,3614.99,subcontractor
BLI-42B5D5B0,BILL-9FE48D44,PROJ-6924BF0C,JOB-5FFC0A3C,Vanity & Fixtures materials,1,302.08,302.08,material
BLI-C716E2E1,BILL-0BF6D1D9,PROJ-6924BF0C,JOB-5FFC0A3C,Vanity & Fixtures materials,1,531.41,531.41,material
BLI-383F2DD1,BILL-89793565,PROJ-6924BF0C,JOB-5FFC0A3C,Vanity & Fixtures materials,1,1383.9,1383.9,material
BLI-4CE6C993,BILL-2960565B,PROJ-6924BF0C,JOB-7AB72959,Paint materials,1,195.4,195.4,material
BLI-288AAB0A,BILL-766B839B,PROJ-6924BF0C,JOB-7AB72959,Paint materials,1,126.58,126.58,material
BLI-2D61CF1C,BILL-E6C4C81B,PROJ-6924BF0C,JOB-7AB72959,Paint materials,1,72.4,72.4,material
BLI-8118794C,BILL-36327AEC,PROJ-6924BF0C,JOB-7AB72959,Paint materials,1,13.06,13.06,material
BLI-73725FEB,BILL-1C1A37D8,PROJ-A0674B13,JOB-1B5A19D9,Rough Plumbing materials,1,665.69,665.69,material
BLI-D29FA6C0,BILL-4BB7F275,PROJ-A0674B13,JOB-1B5A19D9,Rough Plumbing materials,1,115.39,115.39,material
BLI-1F61E4A5,BILL-EE017865,PROJ-A0674B13,JOB-1B5A19D9,Rough Plumbing — Hartmann Plumbing & Heating mobilization,1,1405.94,1405.94,subcontractor
BLI-EBE06A92,BILL-E1A50CE4,PROJ-A0674B13,JOB-1B5A19D9,Rough Plumbing — Hartmann Plumbing & Heating final invoice,1,1405.94,1405.94,subcontractor
BLI-31184259,BILL-84AFB75E,PROJ-A0674B13,JOB-EBCF7739,Rough Electrical materials,1,255.71,255.71,material
BLI-347043F0,BILL-F56FB353,PROJ-A0674B13,JOB-EBCF7739,Rough Electrical — Apex Electrical Contractors mobilization,1,511.42,511.42,subcontractor
BLI-D519D200,BILL-34E9944C,PROJ-A0674B13,JOB-EBCF7739,Rough Electrical — Apex Electrical Contractors final invoice,1,511.42,511.42,subcontractor
BLI-3CC8D74B,BILL-1909DD25,PROJ-A0674B13,JOB-D7265A78,Cement Board & Waterproofing materials,1,365.54,365.54,material
BLI-448FB01E,BILL-F9A1B220,PROJ-A0674B13,JOB-D7265A78,Cement Board & Waterproofing materials,1,162.56,162.56,material
BLI-C51C98B3,BILL-EA622436,PROJ-A0674B13,JOB-1A18246B,Tile & Shower materials,1,287.69,287.69,material
BLI-DAFBDD45,BILL-7FD1C311,PROJ-A0674B13,JOB-1A18246B,Tile & Shower materials,1,39.71,39.71,material
BLI-5CB83CB7,BILL-AD534738,PROJ-A0674B13,JOB-1A18246B,Tile & Shower materials,1,232.24,232.24,material
BLI-C51BD6F7,BILL-3EF7D493,PROJ-A0674B13,JOB-1A18246B,Tile & Shower materials,1,508.65,508.65,material
BLI-5D1BC0BC,BILL-322EB45D,PROJ-A0674B13,JOB-1A18246B,Tile & Shower — Pro Tile & Stone mobilization,1,1335.36,1335.36,subcontractor
BLI-23C98985,BILL-07705CB5,PROJ-A0674B13,JOB-1A18246B,Tile & Shower — Pro Tile & Stone final invoice,1,1335.36,1335.36,subcontractor
BLI-F521669F,BILL-50E10D44,PROJ-A0674B13,JOB-2C8BD92B,Vanity & Fixtures materials,1,2150.72,2150.72,material
BLI-C1831330,BILL-00F3016F,PROJ-A0674B13,JOB-A9C583F6,Paint materials,1,239.0,239.0,material
BLI-B92D0EDB,BILL-31306A30,PROJ-A0674B13,JOB-A9C583F6,Paint materials,1,64.19,64.19,material
BLI-1668B5EF,BILL-AE8819E9,PROJ-C0F53A71,JOB-010C1365,Rough Plumbing materials,1,913.5,913.5,material
BLI-2FF52084,BILL-F1F45835,PROJ-C0F53A71,JOB-010C1365,Rough Plumbing — Hartmann Plumbing & Heating mobilization,1,1644.29,1644.29,subcontractor
BLI-62DEC946,BILL-91F1492D,PROJ-C0F53A71,JOB-010C1365,Rough Plumbing — Hartmann Plumbing & Heating final invoice,1,1644.29,1644.29,subcontractor
BLI-38ECC0BC,BILL-BC555380,PROJ-C0F53A71,JOB-9BBF12EA,Rough Electrical materials,1,332.85,332.85,material
BLI-DDC9B604,BILL-F547B47B,PROJ-C0F53A71,JOB-9BBF12EA,Rough Electrical — Apex Electrical Contractors mobilization,1,665.7,665.7,subcontractor
BLI-546C645A,BILL-8A67521E,PROJ-C0F53A71,JOB-9BBF12EA,Rough Electrical — Apex Electrical Contractors final invoice,1,665.7,665.7,subcontractor
BLI-AA021978,BILL-C2F5185F,PROJ-C0F53A71,JOB-973BE686,Cement Board & Waterproofing materials,1,780.67,780.67,material
BLI-6FBC0E41,BILL-83E54D7E,PROJ-C0F53A71,JOB-1A51585B,Tile & Shower materials,1,51.67,51.67,material
BLI-E4DCFED6,BILL-273AD2F1,PROJ-C0F53A71,JOB-1A51585B,Tile & Shower materials,1,1213.88,1213.88,material
BLI-FD75298F,BILL-33F2CE08,PROJ-C0F53A71,JOB-1A51585B,Tile & Shower — Pro Tile & Stone mobilization,1,1581.94,1581.94,subcontractor
BLI-9A25136A,BILL-5CE35CE5,PROJ-C0F53A71,JOB-1A51585B,Tile & Shower — Pro Tile & Stone final invoice,1,1581.94,1581.94,subcontractor
BLI-F1F42349,BILL-E2E4A771,PROJ-C0F53A71,JOB-B50C815F,Vanity & Fixtures materials,1,2582.15,2582.15,material
BLI-2B53786F,BILL-37DD84FC,PROJ-C0F53A71,JOB-80C59BC2,Paint materials,1,136.26,136.26,material
BLI-A43C78FC,BILL-D96BC1F2,PROJ-C0F53A71,JOB-80C59BC2,Paint materials,1,8.36,8.36,material
BLI-6B9CDDC2,BILL-24DA62F1,PROJ-C0F53A71,JOB-80C59BC2,Paint materials,1,107.16,107.16,material
BLI-91327E62,BILL-F9A35C82,PROJ-C0F53A71,JOB-80C59BC2,Paint materials,1,86.23,86.23,material
BLI-DCB3DDD7,BILL-EB128C7A,PROJ-5CF69BF0,JOB-097CD964,Materials materials,1,368.4,368.4,material
BLI-B724CC69,BILL-88AC149B,PROJ-5CF69BF0,JOB-097CD964,Materials materials,1,406.24,406.24,material
BLI-B20D47D0,BILL-24837DFC,PROJ-675A72AC,JOB-4156DB80,Materials materials,1,38.68,38.68,material
BLI-7BB00F27,BILL-A6A9B44D,PROJ-675A72AC,JOB-4156DB80,Materials materials,1,71.99,71.99,material
BLI-2BD5B386,BILL-784E2CAF,PROJ-675A72AC,JOB-4156DB80,Materials materials,1,44.11,44.11,material
BLI-A38229EE,BILL-A39063AB,PROJ-675A72AC,JOB-4156DB80,Materials materials,1,457.28,457.28,material
BLI-8EDC1FB6,BILL-DF133E13,PROJ-D9F63E7F,JOB-0E5A9A5C,Footings & Posts materials,1,1624.03,1624.03,material
BLI-2B8D7A52,BILL-9590A3A5,PROJ-D9F63E7F,JOB-0E5A9A5C,Footings & Posts materials,1,628.1,628.1,material
BLI-461DD507,BILL-75F2379B,PROJ-D9F63E7F,JOB-0E5A9A5C,Footings & Posts materials,1,1224.37,1224.37,material
BLI-FBE3A9FF,BILL-65129B73,PROJ-D9F63E7F,JOB-28B44907,Framing & Decking materials,1,1718.1,1718.1,material
BLI-29D24E34,BILL-434AD34B,PROJ-D9F63E7F,JOB-28B44907,Framing & Decking materials,1,3899.75,3899.75,material
BLI-F077DDCD,BILL-1C346E7A,PROJ-D9F63E7F,JOB-28B44907,Framing & Decking materials,1,5223.19,5223.19,material
BLI-F084E33A,BILL-B57C739F,PROJ-D9F63E7F,JOB-28B44907,Framing & Decking materials,1,2529.34,2529.34,material
BLI-50748127,BILL-075F9EA4,PROJ-D9F63E7F,JOB-C2B86AAA,Stairs & Railings materials,1,246.25,246.25,material
BLI-B34DCD44,BILL-DA8915DB,PROJ-D9F63E7F,JOB-C2B86AAA,Stairs & Railings materials,1,3301.71,3301.71,material
BLI-373DB7F5,BILL-F3FB3916,PROJ-D9F63E7F,JOB-E0F95459,Finish & Sealing materials,1,372.17,372.17,material
BLI-E1B2922A,BILL-5B000F1A,PROJ-D9F63E7F,JOB-E0F95459,Finish & Sealing materials,1,1098.36,1098.36,material
BLI-A998841E,BILL-48331AAA,PROJ-D9F63E7F,JOB-E0F95459,Finish & Sealing materials,1,432.32,432.32,material
BLI-405D809B,BILL-DA67B915,PROJ-47FB71CB,JOB-9462307A,Materials materials,1,452.1,452.1,material
BLI-1A71569C,BILL-EE2BD7DE,PROJ-42EE4ECF,JOB-FFFE0D9E,Materials materials,1,191.46,191.46,material
BLI-7DF81E5D,BILL-D92DA0AC,PROJ-42EE4ECF,JOB-FFFE0D9E,Materials materials,1,131.12,131.12,material
BLI-33D291EF,BILL-44CCD975,PROJ-42EE4ECF,JOB-FFFE0D9E,Materials materials,1,149.49,149.49,material
BLI-263BE165,BILL-AD1D34E4,PROJ-42EE4ECF,JOB-FFFE0D9E,Materials materials,1,3.52,3.52,material
BLI-F24C2138,BILL-EC5F8B87,PROJ-786B3E70,JOB-56D05D7A,Materials materials,1,153.13,153.13,material
BLI-6A10946B,BILL-E3D3C87D,PROJ-786B3E70,JOB-56D05D7A,Materials materials,1,305.95,305.95,material
BLI-4CD4F47C,BILL-1B26654E,PROJ-A0CF38DF,JOB-65F4B9E7,Rough Plumbing materials,1,554.87,554.87,material
BLI-9D376795,BILL-EFCDBABD,PROJ-A0CF38DF,JOB-65F4B9E7,Rough Plumbing materials,1,503.24,503.24,material
BLI-EA4F7B7B,BILL-29EAA0FF,PROJ-A0CF38DF,JOB-65F4B9E7,Rough Plumbing materials,1,270.95,270.95,material
BLI-A0F5A48C,BILL-6125A183,PROJ-A0CF38DF,JOB-65F4B9E7,Rough Plumbing — Hartmann Plumbing & Heating mobilization,1,4784.6,4784.6,subcontractor
BLI-B345C331,BILL-55FBF398,PROJ-A0CF38DF,JOB-619657B3,Rough Electrical materials,1,234.41,234.41,material
BLI-2F43C09D,BILL-823D1C07,PROJ-A0CF38DF,JOB-619657B3,Rough Electrical materials,1,195.51,195.51,material
BLI-2A2C69BB,BILL-3164B86F,PROJ-A0CF38DF,JOB-619657B3,Rough Electrical materials,1,75.5,75.5,material
BLI-4DCC3DE3,BILL-ECA9B743,PROJ-A0CF38DF,JOB-619657B3,Rough Electrical materials,1,34.21,34.21,material
BLI-DE410E2E,BILL-F54C74E3,PROJ-A0CF38DF,JOB-619657B3,Rough Electrical — Apex Electrical Contractors mobilization,1,1079.25,1079.25,subcontractor
BLI-9FB152C5,BILL-AA3D044D,PROJ-A0CF38DF,JOB-619657B3,Rough Electrical — Apex Electrical Contractors final invoice,1,1079.25,1079.25,subcontractor
BLI-AA996ECB,BILL-0502AEDA,PROJ-A0CF38DF,JOB-7C9E0C81,Cement Board & Waterproofing materials,1,863.58,863.58,material
BLI-6D85C415,BILL-9D5A9194,PROJ-A0CF38DF,JOB-77DA0134,Tile & Shower materials,1,77.51,77.51,material
BLI-1C96529B,BILL-E3B70B32,PROJ-A0CF38DF,JOB-77DA0134,Tile & Shower materials,1,2220.35,2220.35,material
BLI-1123008D,BILL-4A3624A1,PROJ-A0CF38DF,JOB-77DA0134,Tile & Shower — Pro Tile & Stone mobilization,1,5744.65,5744.65,subcontractor
BLI-9E768693,BILL-54B5B503,PROJ-A0CF38DF,JOB-4CF50A56,Vanity & Fixtures materials,1,957.09,957.09,material
BLI-D224E7A4,BILL-33FE470F,PROJ-A0CF38DF,JOB-4CF50A56,Vanity & Fixtures materials,1,2125.63,2125.63,material
BLI-7ED77B7A,BILL-7A96CDD5,PROJ-A0CF38DF,JOB-729E894C,Paint materials,1,37.44,37.44,material
BLI-825991D5,BILL-E3008985,PROJ-A0CF38DF,JOB-729E894C,Paint materials,1,388.99,388.99,material
BLI-020E2902,BILL-8658C488,PROJ-35A930A2,JOB-A53212D3,Materials materials,1,353.75,353.75,material
BLI-8E1E6392,BILL-B00F822E,PROJ-35A930A2,JOB-A53212D3,Materials materials,1,312.8,312.8,material
BLI-CB18EC0F,BILL-B925C831,PROJ-24C0FD95,JOB-F7AC7321,Materials materials,1,304.63,304.63,material
BLI-B261C7DC,BILL-45707254,PROJ-F14B78F9,JOB-D0F4480D,Framing & Partitions materials,1,3548.75,3548.75,material
BLI-391D700F,BILL-7704495C,PROJ-F14B78F9,JOB-D0F4480D,Framing & Partitions materials,1,1747.75,1747.75,material
BLI-69925C56,BILL-4620AF57,PROJ-F14B78F9,JOB-A57D1B24,Rough Electrical materials,1,388.5,388.5,material
BLI-2EF1B020,BILL-55EDAC33,PROJ-F14B78F9,JOB-A57D1B24,Rough Electrical materials,1,466.79,466.79,material
BLI-FCB45D0B,BILL-DF745036,PROJ-F14B78F9,JOB-A57D1B24,Rough Electrical materials,1,1240.6,1240.6,material
BLI-7A7F7982,BILL-D2678690,PROJ-F14B78F9,JOB-A57D1B24,Rough Electrical — Apex Electrical Contractors mobilization,1,4191.77,4191.77,subcontractor
BLI-F62FE433,BILL-6B20EFBF,PROJ-F14B78F9,JOB-A57D1B24,Rough Electrical — Apex Electrical Contractors final invoice,1,4191.77,4191.77,subcontractor
BLI-477D6643,BILL-E1F1A897,PROJ-F14B78F9,JOB-B74B211E,Rough Plumbing materials,1,302.73,302.73,material
BLI-E8C84F3B,BILL-2086E217,PROJ-F14B78F9,JOB-B74B211E,Rough Plumbing materials,1,19.89,19.89,material
BLI-F817ADFB,BILL-743DB0E1,PROJ-F14B78F9,JOB-B74B211E,Rough Plumbing materials,1,1129.67,1129.67,material
BLI-4EB7E2A1,BILL-0950BA55,PROJ-F14B78F9,JOB-B74B211E,Rough Plumbing — Hartmann Plumbing & Heating mobilization,1,5083.03,5083.03,subcontractor
BLI-FF377A5F,BILL-6462C833,PROJ-F14B78F9,JOB-72D18C72,HVAC — Central PA HVAC mobilization,1,7183.82,7183.82,subcontractor
BLI-ED9F1ECE,BILL-A2BEE8BD,PROJ-F14B78F9,JOB-11CE3A66,Ceiling Grid & Tiles materials,1,3113.31,3113.31,material
BLI-7385A42F,BILL-821810DD,PROJ-F14B78F9,JOB-E98932A3,Drywall materials,1,2564.57,2564.57,material
BLI-3DF803A3,BILL-CC696E83,PROJ-F14B78F9,JOB-617AF671,Paint materials,1,1668.83,1668.83,material
BLI-C71D76E8,BILL-F6B1B5A9,PROJ-F14B78F9,JOB-E859EFF1,Flooring materials,1,46.6,46.6,material
BLI-5556F6CF,BILL-3324C054,PROJ-F14B78F9,JOB-E859EFF1,Flooring materials,1,4964.33,4964.33,material
BLI-AB54076E,BILL-8953E26A,PROJ-F14B78F9,JOB-A208A8DB,Doors & Hardware materials,1,191.37,191.37,material
BLI-D1A23D7E,BILL-BB0051DD,PROJ-F14B78F9,JOB-A208A8DB,Doors & Hardware materials,1,1704.89,1704.89,material
BLI-55B8E5F1,BILL-84706799,PROJ-F14B78F9,JOB-A208A8DB,Doors & Hardware materials,1,1095.12,1095.12,material
BLI-FB156C22,BILL-42169507,PROJ-927A4D7C,JOB-ED730EED,Materials materials,1,454.94,454.94,material
BLI-B25DAF47,BILL-9D726E8C,PROJ-927A4D7C,JOB-ED730EED,Materials materials,1,121.66,121.66,material
BLI-4E22DED7,BILL-BC1C74D8,PROJ-927A4D7C,JOB-ED730EED,Materials materials,1,80.76,80.76,material
BLI-16FBB615,BILL-A97C7CF4,PROJ-FA49F8EA,JOB-D8CEEF94,Materials materials,1,14.67,14.67,material
BLI-272C8456,BILL-D5EFC922,PROJ-FA49F8EA,JOB-D8CEEF94,Materials materials,1,124.05,124.05,material
BLI-F9757EF8,BILL-1C8B4620,PROJ-FA49F8EA,JOB-D8CEEF94,Materials materials,1,196.5,196.5,material
BLI-2E2575D6,BILL-48D51AC3,PROJ-29C62C6C,JOB-A4850E0A,Footings & Posts materials,1,209.61,209.61,material
BLI-FA292DD9,BILL-638FFCB6,PROJ-29C62C6C,JOB-A4850E0A,Footings & Posts materials,1,3712.86,3712.86,material
BLI-406CFC0F,BILL-961325CD,PROJ-29C62C6C,JOB-A4850E0A,Footings & Posts materials,1,489.97,489.97,material
BLI-A78E7E5F,BILL-94E7F63A,PROJ-29C62C6C,JOB-2893ED9A,Framing & Decking materials,1,3562.59,3562.59,material
BLI-1FD241A6,BILL-424C2515,PROJ-29C62C6C,JOB-2893ED9A,Framing & Decking materials,1,7742.26,7742.26,material
BLI-44701675,BILL-25C64BDC,PROJ-29C62C6C,JOB-2893ED9A,Framing & Decking materials,1,1492.57,1492.57,material
BLI-E6970D0A,BILL-553BF405,PROJ-29C62C6C,JOB-2893ED9A,Framing & Decking materials,1,2581.6,2581.6,material
BLI-024A2A45,BILL-E4A9EB9C,PROJ-29C62C6C,JOB-4FB2FEBD,Stairs & Railings materials,1,5439.12,5439.12,material
BLI-ED253005,BILL-F4592B9A,PROJ-29C62C6C,JOB-2BE7CCD2,Finish & Sealing materials,1,236.06,236.06,material
BLI-F553F926,BILL-EC57E896,PROJ-29C62C6C,JOB-2BE7CCD2,Finish & Sealing materials,1,379.61,379.61,material
BLI-6F5BAE92,BILL-BC4F6F0F,PROJ-29C62C6C,JOB-2BE7CCD2,Finish & Sealing materials,1,1758.95,1758.95,material
BLI-906F3D8A,BILL-E8CFB1DB,PROJ-DC11FEBD,JOB-F848897B,Materials materials,1,152.72,152.72,material
BLI-DF129BEC,BILL-D90A1AAC,PROJ-DC11FEBD,JOB-F848897B,Materials materials,1,498.19,498.19,material
BLI-943C9FF3,BILL-6DE37CB9,PROJ-18A853FB,JOB-2E8B2D6D,Rough Plumbing materials,1,145.1,145.1,material
BLI-E79F1779,BILL-AD0845CB,PROJ-18A853FB,JOB-2E8B2D6D,Rough Plumbing materials,1,672.5,672.5,material
BLI-7B313B9C,BILL-D9DF5C4A,PROJ-18A853FB,JOB-2E8B2D6D,Rough Plumbing materials,1,188.82,188.82,material
BLI-0C72D0F3,BILL-EEE92853,PROJ-18A853FB,JOB-2E8B2D6D,Rough Plumbing — Hartmann Plumbing & Heating mobilization,1,1811.56,1811.56,subcontractor
BLI-B156E0E0,BILL-5C5C8C9C,PROJ-18A853FB,JOB-2E8B2D6D,Rough Plumbing — Hartmann Plumbing & Heating final invoice,1,1811.56,1811.56,subcontractor
BLI-A40E0DBE,BILL-F08A399E,PROJ-18A853FB,JOB-B0B71D6A,Rough Electrical materials,1,491.46,491.46,material
BLI-B88092A6,BILL-7451C2E7,PROJ-18A853FB,JOB-B0B71D6A,Rough Electrical — Apex Electrical Contractors mobilization,1,982.92,982.92,subcontractor
BLI-F0C2A3EA,BILL-4DF9F9D5,PROJ-18A853FB,JOB-B0B71D6A,Rough Electrical — Apex Electrical Contractors final invoice,1,982.92,982.92,subcontractor
BLI-AD875EC0,BILL-73CD0732,PROJ-18A853FB,JOB-F9D52A54,Cement Board & Waterproofing materials,1,969.3,969.3,material
BLI-51484381,BILL-34FAF301,PROJ-18A853FB,JOB-AB4C165A,Tile & Shower materials,1,2141.36,2141.36,material
BLI-830713A0,BILL-745EDC1D,PROJ-18A853FB,JOB-AB4C165A,Tile & Shower — Pro Tile & Stone mobilization,1,2676.71,2676.71,subcontractor
BLI-23400BF6,BILL-95FDBDA0,PROJ-18A853FB,JOB-AB4C165A,Tile & Shower — Pro Tile & Stone final invoice,1,2676.71,2676.71,subcontractor
BLI-1D3FAA4E,BILL-D6A01550,PROJ-18A853FB,JOB-D0D4FF88,Vanity & Fixtures materials,1,1859.57,1859.57,material
BLI-C3B7C937,BILL-9405C49B,PROJ-18A853FB,JOB-D0D4FF88,Vanity & Fixtures materials,1,785.85,785.85,material
BLI-D292000F,BILL-93F02CCA,PROJ-18A853FB,JOB-64A812A2,Paint materials,1,486.18,486.18,material
BLI-10C686B5,BILL-3775ABD3,PROJ-C9F30E02,JOB-7310D316,Materials materials,1,19.68,19.68,material
BLI-827271B8,BILL-EDFE240A,PROJ-C9F30E02,JOB-7310D316,Materials materials,1,256.47,256.47,material
BLI-088DE746,BILL-9ADCD497,PROJ-33E78F5F,JOB-F170826F,Materials materials,1,352.8,352.8,material
BLI-3D73E81E,BILL-B84318FD,PROJ-33E78F5F,JOB-F170826F,Materials materials,1,246.35,246.35,material
BLI-EE6A7777,BILL-67E8A8B4,PROJ-33E78F5F,JOB-F170826F,Materials materials,1,64.22,64.22,material
BLI-18FDEE76,BILL-2AE32D59,PROJ-FA1A4F40,JOB-8970339E,Rough Plumbing materials,1,863.7,863.7,material
BLI-286543D4,BILL-F85D10BF,PROJ-FA1A4F40,JOB-8970339E,Rough Plumbing materials,1,135.5,135.5,material
BLI-D2D85059,BILL-8A2AC749,PROJ-FA1A4F40,JOB-8970339E,Rough Plumbing — Hartmann Plumbing & Heating mobilization,1,3597.13,3597.13,subcontractor
BLI-1DD2B367,BILL-58B6C828,PROJ-FA1A4F40,JOB-11FA21E5,Rough Electrical materials,1,63.82,63.82,material
BLI-A5E95CA1,BILL-20A6D18B,PROJ-FA1A4F40,JOB-11FA21E5,Rough Electrical materials,1,80.96,80.96,material
BLI-46F62710,BILL-9B2D4D06,PROJ-FA1A4F40,JOB-11FA21E5,Rough Electrical materials,1,145.34,145.34,material
BLI-2F30124C,BILL-180A16B7,PROJ-FA1A4F40,JOB-11FA21E5,Rough Electrical — Apex Electrical Contractors mobilization,1,580.23,580.23,subcontractor
BLI-43A66099,BILL-5967F9ED,PROJ-FA1A4F40,JOB-11FA21E5,Rough Electrical — Apex Electrical Contractors final invoice,1,580.23,580.23,subcontractor
BLI-025E9434,BILL-32583792,PROJ-FA1A4F40,JOB-3980A753,Cement Board & Waterproofing materials,1,262.65,262.65,material
BLI-7768B203,BILL-D5AEAFA9,PROJ-FA1A4F40,JOB-3980A753,Cement Board & Waterproofing materials,1,103.1,103.1,material
BLI-E28B5A5A,BILL-45C4B3B7,PROJ-FA1A4F40,JOB-3980A753,Cement Board & Waterproofing materials,1,320.2,320.2,material
BLI-A386910A,BILL-12D7B6FC,PROJ-FA1A4F40,JOB-3980A753,Cement Board & Waterproofing materials,1,111.67,111.67,material
BLI-C6AB9018,BILL-38DC4312,PROJ-FA1A4F40,JOB-D4AC9992,Tile & Shower materials,1,0.04,0.04,material
BLI-2183EDA2,BILL-F549E3EF,PROJ-FA1A4F40,JOB-D4AC9992,Tile & Shower materials,1,340.28,340.28,material
BLI-511119AE,BILL-E12B4C11,PROJ-FA1A4F40,JOB-D4AC9992,Tile & Shower materials,1,760.26,760.26,material
BLI-D77E1914,BILL-9B9E1AA6,PROJ-FA1A4F40,JOB-D4AC9992,Tile & Shower materials,1,472.2,472.2,material
BLI-C9B0339D,BILL-F3A7139E,PROJ-FA1A4F40,JOB-D4AC9992,Tile & Shower — Pro Tile & Stone mobilization,1,1965.98,1965.98,subcontractor
BLI-456178C0,BILL-41FCC1FB,PROJ-FA1A4F40,JOB-D4AC9992,Tile & Shower — Pro Tile & Stone final invoice,1,1965.98,1965.98,subcontractor
BLI-5FFD7907,BILL-3139C682,PROJ-FA1A4F40,JOB-718FD1A5,Vanity & Fixtures materials,1,435.84,435.84,material
BLI-327F8566,BILL-873BF891,PROJ-FA1A4F40,JOB-718FD1A5,Vanity & Fixtures materials,1,8.61,8.61,material
BLI-99E13CBB,BILL-DD3D695B,PROJ-FA1A4F40,JOB-718FD1A5,Vanity & Fixtures materials,1,1789.82,1789.82,material
BLI-3EAFEB60,BILL-726C1786,PROJ-FA1A4F40,JOB-104A13BE,Paint materials,1,382.13,382.13,material
BLI-3110014A,BILL-B127F64C,PROJ-0294BE41,JOB-E4A24FC1,Rough Plumbing materials,1,3617.4,3617.4,material
BLI-60916F8A,BILL-D7292866,PROJ-0294BE41,JOB-E4A24FC1,Rough Plumbing — Hartmann Plumbing & Heating mobilization,1,10852.18,10852.18,subcontractor
BLI-8A9DE43B,BILL-4D75F8AC,PROJ-0294BE41,JOB-6C3284F4,Rough Electrical materials,1,2664.43,2664.43,material
BLI-FF596F1F,BILL-D7583400,PROJ-0294BE41,JOB-6C3284F4,Rough Electrical — Apex Electrical Contractors mobilization,1,4440.72,4440.72,subcontractor
BLI-D5D2A452,BILL-9D3C12D3,PROJ-0294BE41,JOB-6C3284F4,Rough Electrical — Apex Electrical Contractors final invoice,1,4440.72,4440.72,subcontractor
BLI-5B2C9859,BILL-4581226F,PROJ-0294BE41,JOB-BF3F88A3,Insulation materials,1,1331.35,1331.35,material
BLI-70BE3C98,BILL-D27AD37B,PROJ-0294BE41,JOB-BF3F88A3,Insulation materials,1,116.65,116.65,material
BLI-18B16A52,BILL-5ADBF1DA,PROJ-0294BE41,JOB-1824C678,Drywall materials,1,3553.69,3553.69,material
BLI-E56CAAF1,BILL-D96AC5CD,PROJ-0294BE41,JOB-F14F2B80,Cabinet Installation materials,1,6532.13,6532.13,material
BLI-15438326,BILL-7322740D,PROJ-0294BE41,JOB-F14F2B80,Cabinet Installation materials,1,7127.26,7127.26,material
BLI-F7F5B3E6,BILL-4FC723B9,PROJ-0294BE41,JOB-F14F2B80,Cabinet Installation materials,1,1286.31,1286.31,material
BLI-B6EB47BA,BILL-A1F2E33E,PROJ-0294BE41,JOB-1AA2EEB6,Countertops — Pinnacle Countertop Studio mobilization,1,5202.72,5202.72,subcontractor
BLI-CDADF4B0,BILL-27AB40AD,PROJ-0294BE41,JOB-1AA2EEB6,Countertops — Pinnacle Countertop Studio final invoice,1,5202.72,5202.72,subcontractor
BLI-C1764499,BILL-8A840978,PROJ-0294BE41,JOB-196B919E,Tile Work materials,1,1411.73,1411.73,material
BLI-F518CA15,BILL-35A4D02D,PROJ-0294BE41,JOB-196B919E,Tile Work materials,1,656.87,656.87,material
BLI-F79040F9,BILL-F076FFF3,PROJ-0294BE41,JOB-196B919E,Tile Work materials,1,100.65,100.65,material
BLI-6798B466,BILL-6E68DE03,PROJ-0294BE41,JOB-196B919E,Tile Work — Pro Tile & Stone mobilization,1,5784.66,5784.66,subcontractor
BLI-028F6FF6,BILL-8336FAE7,PROJ-0294BE41,JOB-A43DE6D7,Paint materials,1,641.79,641.79,material
BLI-2AC9DE19,BILL-45CF90B5,PROJ-0294BE41,JOB-A43DE6D7,Paint materials,1,113.02,113.02,material
BLI-AC1A8F4E,BILL-3043D2C6,PROJ-0294BE41,JOB-A43DE6D7,Paint materials,1,914.53,914.53,material
BLI-10588226,BILL-2713DCCC,PROJ-0294BE41,JOB-D9FB9A5F,Finish Carpentry & Trim materials,1,1479.91,1479.91,material
BLI-78BA1026,BILL-9EA20C35,PROJ-0294BE41,JOB-D9FB9A5F,Finish Carpentry & Trim materials,1,662.55,662.55,material
BLI-0543E5D4,BILL-EA3E1237,PROJ-0294BE41,JOB-06E1A19E,Fixtures & Appliances materials,1,1306.13,1306.13,material
BLI-29E47153,BILL-7CAAD318,PROJ-0294BE41,JOB-06E1A19E,Fixtures & Appliances materials,1,5267.06,5267.06,material
BLI-DE441906,BILL-042B0149,PROJ-0294BE41,JOB-06E1A19E,Fixtures & Appliances materials,1,2105.02,2105.02,material
BLI-B9091747,BILL-16379A32,PROJ-0294BE41,JOB-06E1A19E,Fixtures & Appliances materials,1,789.36,789.36,material
BLI-049C17C0,BILL-0E51CFAD,PROJ-4BBCD096,JOB-B503CD05,Rough Plumbing materials,1,103.85,103.85,material
BLI-DC6DC4C2,BILL-EA288F3C,PROJ-4BBCD096,JOB-B503CD05,Rough Plumbing materials,1,653.94,653.94,material
BLI-E5EAEC54,BILL-BD07203B,PROJ-4BBCD096,JOB-B503CD05,Rough Plumbing materials,1,319.49,319.49,material
BLI-5D9D0911,BILL-ABBE0D4D,PROJ-4BBCD096,JOB-B503CD05,Rough Plumbing materials,1,241.48,241.48,material
BLI-EDC223F6,BILL-F731CCF8,PROJ-4BBCD096,JOB-B503CD05,Rough Plumbing — Hartmann Plumbing & Heating mobilization,1,4747.56,4747.56,subcontractor
BLI-841B24AF,BILL-42ED4A72,PROJ-4BBCD096,JOB-091A9B78,Rough Electrical materials,1,87.62,87.62,material
BLI-E764057F,BILL-CD27996B,PROJ-4BBCD096,JOB-091A9B78,Rough Electrical materials,1,165.48,165.48,material
BLI-3BCDFFE8,BILL-378C4D20,PROJ-4BBCD096,JOB-091A9B78,Rough Electrical materials,1,219.98,219.98,material
BLI-BCB34146,BILL-77DAF863,PROJ-4BBCD096,JOB-091A9B78,Rough Electrical — Apex Electrical Contractors mobilization,1,1892.34,1892.34,subcontractor
BLI-25991DB4,BILL-868E9236,PROJ-4BBCD096,JOB-3B5D36FA,Cement Board & Waterproofing materials,1,952.1,952.1,material
BLI-8B4782D7,BILL-9941B328,PROJ-4BBCD096,JOB-BD76E054,Tile & Shower materials,1,2106.42,2106.42,material
BLI-3FB046FB,BILL-3CE1C750,PROJ-4BBCD096,JOB-BD76E054,Tile & Shower — Pro Tile & Stone mobilization,1,5266.04,5266.04,subcontractor
BLI-9E46C655,BILL-7FD67893,PROJ-4BBCD096,JOB-70EB0BA0,Vanity & Fixtures materials,1,1499.52,1499.52,material
BLI-21513493,BILL-EF56D03B,PROJ-4BBCD096,JOB-70EB0BA0,Vanity & Fixtures materials,1,1309.64,1309.64,material
BLI-5D4530D3,BILL-5CC4C534,PROJ-4BBCD096,JOB-73D306DD,Paint materials,1,446.84,446.84,material
BLI-9FDE01FF,BILL-940FF9AF,PROJ-3F05CA24,JOB-1AF2F5A0,Materials materials,1,646.91,646.91,material
BLI-EBB92F7B,BILL-ECE2B5C7,PROJ-72B8101E,JOB-8F1C0835,Materials materials,1,506.15,506.15,material
BLI-23E92037,BILL-81C8ABE2,PROJ-0A5D921E,JOB-96DD988C,Rough Plumbing materials,1,2663.91,2663.91,material
BLI-8B75AC12,BILL-3EE1AC9E,PROJ-0A5D921E,JOB-96DD988C,Rough Plumbing — Hartmann Plumbing & Heating mobilization,1,3995.87,3995.87,subcontractor
BLI-0A82FC20,BILL-E0E04381,PROJ-0A5D921E,JOB-96DD988C,Rough Plumbing — Hartmann Plumbing & Heating final invoice,1,3995.87,3995.87,subcontractor
BLI-E77950A8,BILL-7FEC547C,PROJ-0A5D921E,JOB-CC59F5E4,Rough Electrical materials,1,2198.8,2198.8,material
BLI-BE4E964C,BILL-B2E82E4E,PROJ-0A5D921E,JOB-CC59F5E4,Rough Electrical materials,1,140.33,140.33,material
BLI-42367CAB,BILL-D1414D79,PROJ-0A5D921E,JOB-CC59F5E4,Rough Electrical — Apex Electrical Contractors mobilization,1,3898.53,3898.53,subcontractor
BLI-5F6445BC,BILL-7D1796B2,PROJ-0A5D921E,JOB-CC59F5E4,Rough Electrical — Apex Electrical Contractors final invoice,1,3898.53,3898.53,subcontractor
BLI-968C3A5B,BILL-B8257BBE,PROJ-0A5D921E,JOB-21BAEE7F,Insulation materials,1,230.75,230.75,material
BLI-79882FB8,BILL-B258708C,PROJ-0A5D921E,JOB-21BAEE7F,Insulation materials,1,623.11,623.11,material
BLI-7F9A0955,BILL-17AA8C38,PROJ-0A5D921E,JOB-21BAEE7F,Insulation materials,1,811.36,811.36,material
BLI-480DBBBE,BILL-517E8EDA,PROJ-0A5D921E,JOB-07F68D34,Drywall materials,1,2587.79,2587.79,material
BLI-BE908248,BILL-7226C4A3,PROJ-0A5D921E,JOB-32F804A9,Cabinet Installation materials,1,2931.23,2931.23,material
BLI-DC6D0286,BILL-C5729287,PROJ-0A5D921E,JOB-32F804A9,Cabinet Installation materials,1,11247.52,11247.52,material
BLI-8CEB6B3C,BILL-2ACA62DA,PROJ-0A5D921E,JOB-0AA09BAE,Countertops — Pinnacle Countertop Studio mobilization,1,7923.28,7923.28,subcontractor
BLI-14C8197D,BILL-5D6A818A,PROJ-0A5D921E,JOB-107DCBDD,Tile Work materials,1,1941.44,1941.44,material
BLI-B049E294,BILL-0BEE4969,PROJ-0A5D921E,JOB-107DCBDD,Tile Work materials,1,20.49,20.49,material
BLI-0CF46740,BILL-E673834B,PROJ-0A5D921E,JOB-107DCBDD,Tile Work — Pro Tile & Stone mobilization,1,5231.8,5231.8,subcontractor
BLI-C6197464,BILL-22A628BC,PROJ-0A5D921E,JOB-977E4B35,Paint materials,1,180.04,180.04,material
BLI-8E10F8AD,BILL-DBF6B71F,PROJ-0A5D921E,JOB-977E4B35,Paint materials,1,11.36,11.36,material
BLI-D421D16F,BILL-3881F248,PROJ-0A5D921E,JOB-977E4B35,Paint materials,1,917.49,917.49,material
BLI-CD038B70,BILL-B3EA25AD,PROJ-0A5D921E,JOB-977E4B35,Paint materials,1,224.96,224.96,material
BLI-D720AA43,BILL-906815F6,PROJ-0A5D921E,JOB-4DC9DD39,Finish Carpentry & Trim materials,1,2563.26,2563.26,material
BLI-93B750E4,BILL-8B13DACE,PROJ-0A5D921E,JOB-16C6D7A5,Fixtures & Appliances materials,1,6483.09,6483.09,material
BLI-08AAFB5B,BILL-AF7EF235,PROJ-5F9B64C5,JOB-19D69A73,Materials materials,1,556.19,556.19,material
BLI-B10BC70C,BILL-F22A680D,PROJ-5F9B64C5,JOB-19D69A73,Materials materials,1,124.99,124.99,material
BLI-3A555805,BILL-A7323F9C,PROJ-9BFEBE19,JOB-054E722D,Footings & Posts materials,1,51.17,51.17,material
BLI-C764AB21,BILL-C2816F8D,PROJ-9BFEBE19,JOB-054E722D,Footings & Posts materials,1,196.5,196.5,material
BLI-428F8C2A,BILL-DC62CFDD,PROJ-9BFEBE19,JOB-054E722D,Footings & Posts materials,1,818.4,818.4,material
BLI-4CE5BE2D,BILL-63C85D66,PROJ-9BFEBE19,JOB-054E722D,Footings & Posts materials,1,71.13,71.13,material
BLI-8153E907,BILL-4FBB1AC1,PROJ-9BFEBE19,JOB-01F040D1,Framing & Decking materials,1,4223.88,4223.88,material
BLI-F9C1CB7F,BILL-6F350D39,PROJ-9BFEBE19,JOB-01F040D1,Framing & Decking materials,1,1155.34,1155.34,material
BLI-E2E582AA,BILL-128982E9,PROJ-9BFEBE19,JOB-01F040D1,Framing & Decking materials,1,31.96,31.96,material
BLI-12FF71D5,BILL-F858F040,PROJ-9BFEBE19,JOB-01F040D1,Framing & Decking materials,1,78.17,78.17,material
BLI-5E6B0FF7,BILL-55535F64,PROJ-9BFEBE19,JOB-DB769CB9,Stairs & Railings materials,1,300.34,300.34,material
BLI-F9B4681C,BILL-5DCDB9EC,PROJ-9BFEBE19,JOB-DB769CB9,Stairs & Railings materials,1,146.02,146.02,material
BLI-FDDA6E00,BILL-F9714DC4,PROJ-9BFEBE19,JOB-DB769CB9,Stairs & Railings materials,1,653.85,653.85,material
BLI-4B32F34E,BILL-E171000C,PROJ-9BFEBE19,JOB-DB769CB9,Stairs & Railings materials,1,420.37,420.37,material
BLI-67B17970,BILL-4C933C81,PROJ-9BFEBE19,JOB-02985971,Finish & Sealing materials,1,595.0,595.0,material
BLI-8B413779,BILL-1CC5FC18,PROJ-07B96037,JOB-170AAB26,Materials materials,1,45.14,45.14,material
BLI-228D800A,BILL-B235D4DB,PROJ-07B96037,JOB-170AAB26,Materials materials,1,622.2,622.2,material
BLI-F7DF7C6B,BILL-5CE371D5,PROJ-07B96037,JOB-170AAB26,Materials materials,1,50.99,50.99,material
BLI-826DA572,BILL-0FBB5465,PROJ-EB171124,JOB-C6B10584,Materials materials,1,516.86,516.86,material
BLI-14D9FF7E,BILL-56D95719,PROJ-EB171124,JOB-C6B10584,Materials materials,1,97.78,97.78,material
BLI-096D9574,BILL-E538C6AE,PROJ-EB171124,JOB-C6B10584,Materials materials,1,265.19,265.19,material
BLI-4344F515,BILL-56AE3248,PROJ-EB171124,JOB-C6B10584,Materials materials,1,92.44,92.44,material
BLI-7124D53E,BILL-931DE5E8,PROJ-7C5E1099,JOB-9F172CDE,Materials materials,1,91.7,91.7,material
BLI-8FDDD9D5,BILL-8B7CC4D9,PROJ-7C5E1099,JOB-9F172CDE,Materials materials,1,175.12,175.12,material
BLI-CBCDAAC2,BILL-FA77749D,PROJ-7C5E1099,JOB-9F172CDE,Materials materials,1,367.57,367.57,material
BLI-6B18DED6,BILL-F92A5743,,,Shop/office rent,1,3082.32,3082.32,rent
BLI-8EA8AB61,BILL-2432B9C7,,,Truck payments (3 trucks),1,2738.46,2738.46,vehicles
BLI-87220779,BILL-C027FC48,,,Fuel & vehicle maintenance,1,905.45,905.45,vehicles
BLI-CAD8FB7F,BILL-E5058456,,,Cell phones & internet,1,375.21,375.21,utilities
BLI-9A76D9A6,BILL-8222E11D,,,"Software (QBO, takeoff, scheduling)",1,299.77,299.77,software
BLI-79F761BC,BILL-201CC1A4,,,Workers comp installment,1,1471.36,1471.36,insurance
BLI-A7BEEF36,BILL-EC367F14,,,Small tools & consumables,1,427.79,427.79,tools
BLI-4BB0EA24,BILL-5826A474,,,Shop/office rent,1,3159.52,3159.52,rent
BLI-B86B25C8,BILL-8DB70FA4,,,Truck payments (3 trucks),1,2792.47,2792.47,vehicles
BLI-8C0EAE75,BILL-80DCA871,,,Fuel & vehicle maintenance,1,862.38,862.38,vehicles
BLI-BE1DFCA1,BILL-47C2D29E,,,Cell phones & internet,1,361.65,361.65,utilities
BLI-4BA8BED6,BILL-E53D6264,,,"Software (QBO, takeoff, scheduling)",1,293.46,293.46,software
BLI-6B2F2F28,BILL-2E7EFFE5,,,Workers comp installment,1,1773.43,1773.43,insurance
BLI-6F7FC0A9,BILL-4DE797B1,,,Small tools & consumables,1,488.91,488.91,tools
BLI-203AAF2E,BILL-0E027126,,,Shop/office rent,1,3304.75,3304.75,rent
BLI-8B7FFE65,BILL-FBA9349B,,,Truck payments (3 trucks),1,2731.58,2731.58,vehicles
BLI-D97F92A3,BILL-68E834B0,,,Fuel & vehicle maintenance,1,775.8,775.8,vehicles
BLI-FA1DC8D5,BILL-14DB4552,,,Cell phones & internet,1,365.71,365.71,utilities
BLI-7675EC04,BILL-4CED7CB5,,,"Software (QBO, takeoff, scheduling)",1,277.12,277.12,software
BLI-959F0234,BILL-7C39D459,,,Workers comp installment,1,1637.82,1637.82,insurance
BLI-28B9A7C4,BILL-FFD09346,,,Small tools & consumables,1,422.12,422.12,tools
BLI-556055E3,BILL-469503A9,,,Shop/office rent,1,3347.03,3347.03,rent
BLI-416C76E4,BILL-AB42C7FF,,,Truck payments (3 trucks),1,2931.39,2931.39,vehicles
BLI-881D1FC7,BILL-83468B7D,,,Fuel & vehicle maintenance,1,762.96,762.96,vehicles
BLI-E18185FB,BILL-1CF09457,,,Cell phones & internet,1,389.19,389.19,utilities
BLI-E429366D,BILL-51D773C6,,,"Software (QBO, takeoff, scheduling)",1,280.75,280.75,software
BLI-4A678581,BILL-F627B7F7,,,Workers comp installment,1,1639.18,1639.18,insurance
BLI-1C55BAF3,BILL-0F918927,,,Small tools & consumables,1,314.75,314.75,tools
BLI-33536314,BILL-3E2C6E5E,,,Shop/office rent,1,3187.62,3187.62,rent
BLI-3760E228,BILL-3D6CF139,,,Truck payments (3 trucks),1,2847.99,2847.99,vehicles
BLI-FC313680,BILL-217D255A,,,Fuel & vehicle maintenance,1,673.81,673.81,vehicles
BLI-2118A460,BILL-A278C935,,,Cell phones & internet,1,367.35,367.35,utilities
BLI-8AE7F9EB,BILL-101AE20B,,,"Software (QBO, takeoff, scheduling)",1,298.37,298.37,software
BLI-CD778EEA,BILL-DAC2DEBE,,,Workers comp installment,1,1454.72,1454.72,insurance
BLI-02DC6402,BILL-88FD41D8,,,Small tools & consumables,1,474.96,474.96,tools
BLI-953072B0,BILL-3EFE4EE5,,,Shop/office rent,1,3244.72,3244.72,rent
BLI-8D654B5E,BILL-824F6AA3,,,Truck payments (3 trucks),1,2887.86,2887.86,vehicles
BLI-BB40ED63,BILL-1CEF7CE4,,,Fuel & vehicle maintenance,1,632.18,632.18,vehicles
BLI-3D063720,BILL-16B3BA5E,,,Cell phones & internet,1,374.35,374.35,utilities
BLI-E2059AA3,BILL-8A2E3806,,,"Software (QBO, takeoff, scheduling)",1,301.74,301.74,software
BLI-F2FF736A,BILL-2D268DE0,,,Workers comp installment,1,1731.11,1731.11,insurance
BLI-B32BD30D,BILL-6AB46EB9,,,Small tools & consumables,1,560.29,560.29,tools
BLI-801CC4AC,BILL-31615ABF,,,Shop/office rent,1,3114.36,3114.36,rent
BLI-62FA11B3,BILL-B2961EBC,,,Truck payments (3 trucks),1,2894.14,2894.14,vehicles
BLI-9B82DAF6,BILL-E2A51BE9,,,Fuel & vehicle maintenance,1,1008.38,1008.38,vehicles
BLI-8D129BF1,BILL-5CD60B36,,,Cell phones & internet,1,364.86,364.86,utilities
BLI-4442BEB7,BILL-D84C2D55,,,"Software (QBO, takeoff, scheduling)",1,289.72,289.72,software
BLI-9E45AB18,BILL-236EAB0B,,,Workers comp installment,1,1400.05,1400.05,insurance
BLI-E0515217,BILL-F4D74E0F,,,Small tools & consumables,1,436.45,436.45,tools
BLI-A368A6B9,BILL-977C9707,,,Shop/office rent,1,3098.67,3098.67,rent
BLI-95C9ABFE,BILL-8507322B,,,Truck payments (3 trucks),1,2880.1,2880.1,vehicles
BLI-9FCF9C18,BILL-EF641789,,,Fuel & vehicle maintenance,1,914.54,914.54,vehicles
BLI-F03D14C3,BILL-5565929B,,,Cell phones & internet,1,391.67,391.67,utilities
BLI-9DE16688,BILL-DDDEB2AE,,,"Software (QBO, takeoff, scheduling)",1,297.73,297.73,software
BLI-77E2E6D3,BILL-2B33C99F,,,Workers comp installment,1,1478.55,1478.55,insurance
BLI-262B94CC,BILL-8033BFC4,,,Small tools & consumables,1,207.93,207.93,tools
BLI-F10CA1D4,BILL-ADD33F0C,,,Shop/office rent,1,3061.06,3061.06,rent
BLI-0145BECB,BILL-73CCA07A,,,Truck payments (3 trucks),1,2942.33,2942.33,vehicles
BLI-5D7DA916,BILL-8F6D21F2,,,Fuel & vehicle maintenance,1,1037.9,1037.9,vehicles
BLI-5C45E434,BILL-D7C165D5,,,Cell phones & internet,1,379.95,379.95,utilities
BLI-22D81D5E,BILL-D7534E83,,,"Software (QBO, takeoff, scheduling)",1,290.17,290.17,software
BLI-1A558EAA,BILL-951C036A,,,Workers comp installment,1,1533.13,1533.13,insurance
BLI-2E7A5E8E,BILL-58462445,,,Small tools & consumables,1,311.99,311.99,tools
BLI-91F0CCC2,BILL-BBAF405C,,,Shop/office rent,1,3340.67,3340.67,rent
BLI-8895639E,BILL-6F69BAD0,,,Truck payments (3 trucks),1,2816.62,2816.62,vehicles
BLI-18596691,BILL-076BC9A3,,,Fuel & vehicle maintenance,1,1004.3,1004.3,vehicles
BLI-7839A9D3,BILL-B1B5C4F0,,,Cell phones & internet,1,364.17,364.17,utilities
BLI-618E6A91,BILL-E5C6D9B0,,,"Software (QBO, takeoff, scheduling)",1,300.27,300.27,software
BLI-3AF4A4BA,BILL-CB9CD136,,,Workers comp installment,1,1687.56,1687.56,insurance
BLI-0E327013,BILL-54AA7A9F,,,Small tools & consumables,1,546.19,546.19,tools
BLI-D2821491,BILL-BEBECF58,,,Shop/office rent,1,3263.26,3263.26,rent
BLI-F63C4E52,BILL-69E84B0F,,,Truck payments (3 trucks),1,2966.2,2966.2,vehicles
BLI-0672F957,BILL-BE2FFFB1,,,Fuel & vehicle maintenance,1,1001.0,1001.0,vehicles
BLI-1D025078,BILL-8F3EA567,,,Cell phones & internet,1,397.51,397.51,utilities
BLI-5217CF52,BILL-85079D94,,,"Software (QBO, takeoff, scheduling)",1,297.03,297.03,software
BLI-9E6E3657,BILL-0E78B3FF,,,Workers comp installment,1,1612.73,1612.73,insurance
BLI-0FB06F97,BILL-ED76FA26,,,Small tools & consumables,1,416.22,416.22,tools
BLI-80DB286C,BILL-C41E4090,,,Shop/office rent,1,3317.39,3317.39,rent
BLI-6F7DDC75,BILL-16500D52,,,Truck payments (3 trucks),1,2895.85,2895.85,vehicles
BLI-231E04FE,BILL-59C5B9FF,,,Fuel & vehicle maintenance,1,1073.29,1073.29,vehicles
BLI-576D08C8,BILL-1C2A1285,,,Cell phones & internet,1,385.2,385.2,utilities
BLI-BCAB35F6,BILL-6D78D4BC,,,"Software (QBO, takeoff, scheduling)",1,298.36,298.36,software
BLI-F6A7699C,BILL-70F3D0BE,,,Workers comp installment,1,1411.46,1411.46,insurance
BLI-B3E32893,BILL-78C3BB2E,,,Small tools & consumables,1,201.94,201.94,tools
BLI-D97CE9CF,BILL-17C633F1,,,Shop/office rent,1,3070.1,3070.1,rent
BLI-8D40F7DE,BILL-D4D80614,,,Truck payments (3 trucks),1,2806.7,2806.7,vehicles
BLI-732283BB,BILL-81B9CAA1,,,Fuel & vehicle maintenance,1,715.85,715.85,vehicles
BLI-769354FC,BILL-74283E44,,,Cell phones & internet,1,376.34,376.34,utilities
BLI-D1FC1D68,BILL-3C2E1DC2,,,"Software (QBO, takeoff, scheduling)",1,283.61,283.61,software
BLI-B30AE76B,BILL-783BEB8E,,,Workers comp installment,1,1684.69,1684.69,insurance
BLI-236C8262,BILL-D705AA3B,,,Small tools & consumables,1,333.08,333.08,tools
BLI-492DCAB6,BILL-49F85261,,,Shop/office rent,1,3159.81,3159.81,rent
BLI-0E809C26,BILL-0C58473B,,,Truck payments (3 trucks),1,2716.9,2716.9,vehicles
BLI-C28F3C1B,BILL-95D09E46,,,Fuel & vehicle maintenance,1,934.2,934.2,vehicles
BLI-9A931E88,BILL-479A6255,,,Cell phones & internet,1,392.94,392.94,utilities
BLI-4114DF2C,BILL-66238FD2,,,"Software (QBO, takeoff, scheduling)",1,276.68,276.68,software
BLI-4BB788CF,BILL-704EABF2,,,Workers comp installment,1,1413.26,1413.26,insurance
BLI-ACECF2C0,BILL-A301E48E,,,Small tools & consumables,1,315.2,315.2,tools
BLI-F8D2F409,BILL-FFFB312B,,,Shop/office rent,1,3350.89,3350.89,rent
BLI-2F22F757,BILL-C5C0DF42,,,Truck payments (3 trucks),1,2989.08,2989.08,vehicles
BLI-F1EDA30C,BILL-A33B9B00,,,Fuel & vehicle maintenance,1,733.23,733.23,vehicles
BLI-DB2FEF72,BILL-0D5562A5,,,Cell phones & internet,1,363.54,363.54,utilities
BLI-C57F9F7C,BILL-94CE2749,,,"Software (QBO, takeoff, scheduling)",1,287.24,287.24,software
BLI-C9B6ED02,BILL-F9A0EF0A,,,Workers comp installment,1,1567.22,1567.22,insurance
BLI-A39F0B65,BILL-E6C6751A,,,Small tools & consumables,1,227.39,227.39,tools
BLI-EBBF7AAB,BILL-BB2D582C,,,Shop/office rent,1,3193.76,3193.76,rent
BLI-C08104AC,BILL-8769B375,,,Truck payments (3 trucks),1,2853.17,2853.17,vehicles
BLI-EA2338C5,BILL-1042C80D,,,Fuel & vehicle maintenance,1,926.44,926.44,vehicles
BLI-3842409B,BILL-D511F916,,,Cell phones & internet,1,392.99,392.99,utilities
BLI-F643114C,BILL-1B0E0CE8,,,"Software (QBO, takeoff, scheduling)",1,288.35,288.35,software
BLI-A79653DB,BILL-EC113A71,,,Workers comp installment,1,1438.42,1438.42,insurance
BLI-18140D3C,BILL-63013C1E,,,Small tools & consumables,1,540.98,540.98,tools
BLI-D6927677,BILL-498737E1,,,Shop/office rent,1,3312.85,3312.85,rent
BLI-18967C4B,BILL-B8C2E79B,,,Truck payments (3 trucks),1,2892.43,2892.43,vehicles
BLI-6C1291CB,BILL-21DB5583,,,Fuel & vehicle maintenance,1,928.56,928.56,vehicles
BLI-F19E279D,BILL-336CBDE5,,,Cell phones & internet,1,362.22,362.22,utilities
BLI-733F6265,BILL-64D310AF,,,"Software (QBO, takeoff, scheduling)",1,289.29,289.29,software
BLI-1B2D6A3A,BILL-5542C2C6,,,Workers comp installment,1,1635.28,1635.28,insurance
BLI-C609004D,BILL-7A8EAF60,,,Small tools & consumables,1,590.58,590.58,tools
BLI-1F9676FD,BILL-E7CE9652,,,Shop/office rent,1,3222.49,3222.49,rent
BLI-77A21E75,BILL-638F1B51,,,Truck payments (3 trucks),1,2972.06,2972.06,vehicles
BLI-3AA3F5B4,BILL-C91F88FE,,,Fuel & vehicle maintenance,1,1007.16,1007.16,vehicles
BLI-A604439D,BILL-E3C00650,,,Cell phones & internet,1,396.67,396.67,utilities
BLI-9588B880,BILL-57668294,,,"Software (QBO, takeoff, scheduling)",1,289.91,289.91,software
BLI-528B0418,BILL-C5320A62,,,Workers comp installment,1,1582.28,1582.28,insurance
BLI-F16AB830,BILL-5B9820AF,,,Small tools & consumables,1,504.25,504.25,tools
BLI-4B41067C,BILL-A0F0934A,,,Shop/office rent,1,3340.68,3340.68,rent
BLI-7A409F52,BILL-640C88F2,,,Truck payments (3 trucks),1,2725.04,2725.04,vehicles
BLI-5C41658C,BILL-B772ADBE,,,Fuel & vehicle maintenance,1,964.76,964.76,vehicles
BLI-E4352BBD,BILL-7C8B51B1,,,Cell phones & internet,1,371.34,371.34,utilities
BLI-924A8491,BILL-7719C69B,,,"Software (QBO, takeoff, scheduling)",1,295.01,295.01,software
BLI-77FCF1A7,BILL-A1C90CE2,,,Workers comp installment,1,1792.92,1792.92,insurance
BLI-30D5234D,BILL-6AC19331,,,Small tools & consumables,1,228.26,228.26,tools
BLI-3DCFE301,BILL-7284ED49,,,Shop/office rent,1,3220.25,3220.25,rent
BLI-164C0972,BILL-7D60914E,,,Truck payments (3 trucks),1,2961.99,2961.99,vehicles
BLI-953F36EE,BILL-F6608598,,,Fuel & vehicle maintenance,1,1049.03,1049.03,vehicles
BLI-C04B0665,BILL-B92165B7,,,Cell phones & internet,1,374.78,374.78,utilities
BLI-A008A3B3,BILL-6AD5B55A,,,"Software (QBO, takeoff, scheduling)",1,293.06,293.06,software
BLI-931D03C4,BILL-51F803A3,,,Workers comp installment,1,1550.65,1550.65,insurance
BLI-5C191B01,BILL-DECE914C,,,Small tools & consumables,1,341.91,341.91,tools
BLI-3F2F3CB8,BILL-5BF20035,,,Shop/office rent,1,3107.26,3107.26,rent
BLI-8F38F5FF,BILL-F6180310,,,Truck payments (3 trucks),1,2767.87,2767.87,vehicles
BLI-78E27378,BILL-37025ED4,,,Fuel & vehicle maintenance,1,1098.06,1098.06,vehicles
BLI-8D5A5D7F,BILL-F75BA43A,,,Cell phones & internet,1,378.01,378.01,utilities
BLI-4FE69DD2,BILL-B4DE77D7,,,"Software (QBO, takeoff, scheduling)",1,287.55,287.55,software
BLI-1E3381A8,BILL-9B4C3F94,,,Workers comp installment,1,1674.57,1674.57,insurance
BLI-001E3B58,BILL-4F23B07A,,,Small tools & consumables,1,432.37,432.37,tools
BLI-2D55B61A,BILL-5B179BA8,,,Shop/office rent,1,3145.94,3145.94,rent
BLI-4AC264C4,BILL-18C6D4B6,,,Truck payments (3 trucks),1,2895.94,2895.94,vehicles
BLI-2362BD98,BILL-3F126EA3,,,Fuel & vehicle maintenance,1,1002.87,1002.87,vehicles
BLI-86A93C79,BILL-F22CE51D,,,Cell phones & internet,1,367.64,367.64,utilities
BLI-CD975D2A,BILL-6153CDD0,,,"Software (QBO, takeoff, scheduling)",1,290.19,290.19,software
BLI-EE84DBF3,BILL-9973DCB6,,,Workers comp installment,1,1523.59,1523.59,insurance
BLI-BE4DF2EE,BILL-8DA1298F,,,Small tools & consumables,1,377.08,377.08,tools
BLI-49F72E9C,BILL-4D746001,,,Shop/office rent,1,3041.89,3041.89,rent
BLI-92A08F99,BILL-F85D3C64,,,Truck payments (3 trucks),1,2796.71,2796.71,vehicles
BLI-838B4D78,BILL-A2BB9812,,,Fuel & vehicle maintenance,1,760.26,760.26,vehicles
BLI-24621167,BILL-5592DD0D,,,Cell phones & internet,1,370.24,370.24,utilities
BLI-CB9B9F9C,BILL-B75F9E16,,,"Software (QBO, takeoff, scheduling)",1,295.17,295.17,software
BLI-DC01B0AC,BILL-26A6CBB5,,,Workers comp installment,1,1684.27,1684.27,insurance
BLI-A66B9D80,BILL-DC7A93A5,,,Small tools & consumables,1,526.37,526.37,tools
BLI-D1F157BE,BILL-A814678F,,,Shop/office rent,1,3181.27,3181.27,rent
BLI-0DAF4233,BILL-6F3A74AC,,,Truck payments (3 trucks),1,2821.91,2821.91,vehicles
BLI-4A7DDA25,BILL-0426AA9D,,,Fuel & vehicle maintenance,1,1072.08,1072.08,vehicles
BLI-6EBA3F6F,BILL-CA065FE7,,,Cell phones & internet,1,382.46,382.46,utilities
BLI-6A713F74,BILL-B3458CCC,,,"Software (QBO, takeoff, scheduling)",1,292.81,292.81,software
BLI-CC274762,BILL-D9CBEE03,,,Workers comp installment,1,1659.54,1659.54,insurance
BLI-A103BDEE,BILL-00338887,,,Small tools & consumables,1,386.06,386.06,tools
BLI-5A645B4D,BILL-BB1C38BD,,,Annual general liability insurance renewal,1,8400,8400,insurance
BLI-13C6E1ED,BILL-63DE9AC9,,,Annual general liability insurance renewal â€” rate up 12%,1,9408,9408,insurance
